Region,Year,Pop_Age_<25,Pop_Age_25-34,Pop_Age_35-44,Pop_Age_45-54,Pop_Age_55-64,Pop_Age_65 and above,Age_<25,Age_25-34,Age_35-44,Age_45-54,Age_55-64,Age_65 and above,propensity__<25,propensity__25-34,propensity__35-44,propensity__45-54,propensity__55-64,propensity__65 and above
BARMM,2010,2045100.0,458200.0,377400.0,227300.0,102600.0,53500.0,0.0,0.0,16.0,15.0,20.0,9.0,0.0,0.0,4.239533651298357e-05,6.599208095028597e-05,0.0001949317738791423,0.00016822429906542056
BARMM,2011,2102978.4,473807.80000000005,391183.2,236437.59999999998,105985.6,55858.2,0.0,0.0,16.0,14.0,20.0,9.0,0.0,0.0,4.0901552009391e-05,5.921224035432605e-05,0.00018870488066303345,0.00016112227032020367
BARMM,2012,2160856.8000000003,489415.6,404966.4,245575.2,109371.2,58216.4,0.0,0.0,17.0,13.0,20.0,8.0,0.0,0.0,4.197879132688539e-05,5.293694151526701e-05,0.00018286349605746302,0.00013741832198487024
BARMM,2013,2218735.1999999997,505023.39999999997,418749.6,254712.8,112756.8,60574.6,0.0,0.0,17.0,13.0,20.0,10.0,0.0,0.0,4.059705370464832e-05,5.103787481430066e-05,0.00017737289458374128,0.0001650856959847857
BARMM,2014,2276613.6,520631.19999999995,432532.8,263850.4,116142.4,62932.8,0.0,6.0,18.0,13.0,20.0,10.0,0.0,1.1524472601718837e-05,4.1615341079335484e-05,4.927034410408322e-05,0.0001722023998126438,0.0001588996516919635
BARMM,2015,2334492.0,536239.0,446316.0,272988.0,119528.0,65291.0,0.0,39.0,87.0,57.0,56.0,10.0,0.0,7.272876459936707e-05,0.00019492915333530503,0.00020880038683019034,0.00046850947058429824,0.0001531604662204592
BARMM,2016,2361351.0,558494.0,448025.0,282771.0,131270.0,71231.0,0.0,39.0,87.0,57.0,56.0,10.0,0.0,6.983065171693877e-05,0.00019418559232185705,0.00020157654073437516,0.000426601660699322,0.00014038831407673624
BARMM,2017,2388311.0,581424.0,449637.0,292818.0,143420.0,77381.0,0.0,40.0,88.0,60.0,54.0,10.0,0.0,6.879660970307383e-05,0.0001957134310566079,0.00020490543614122084,0.0003765165248919258,0.00012923068970419096
BARMM,2018,2415411.0,605103.0,451157.0,303157.0,156011.0,83748.0,0.0,32.0,64.0,47.0,48.0,10.0,0.0,5.288355866687159e-05,0.0001418574908513001,0.00015503517979132924,0.0003076706129695983,0.00011940583655729091
BARMM,2019,2442627.0,629550.0,452562.0,313804.0,169066.0,90348.0,0.0,28.0,65.0,43.0,52.0,13.0,0.0,4.447621316813597e-05,0.00014362672959727064,0.00013702820869077514,0.00030757219074207707,0.0001438880772125559
BARMM,2020,2469997.0,654844.0,453857.0,324787.0,182627.0,97204.0,0.0,27.0,63.0,46.0,52.0,13.0,0.0,4.123119399429482e-05,0.00013881024199252187,0.00014163128450338222,0.00028473336363188357,0.00013373935229002922
CAR,2010,874200.0,254300.0,188900.0,149400.0,87200.0,75300.0,0.0,2.0,204.0,222.0,158.0,112.0,0.0,7.86472670074715e-06,0.0010799364743250396,0.0014859437751004016,0.0018119266055045872,0.0014873837981407702
CAR,2011,877449.4,258701.19999999998,190853.8,151471.40000000002,91389.2,77601.8,0.0,2.0,209.0,218.0,158.0,117.0,0.0,7.730926644329444e-06,0.001095079060516479,0.0014392155878931597,0.0017288694944260373,0.001507696986410109
CAR,2012,880698.8,263102.4,192807.6,153542.8,95578.4,79903.59999999999,0.0,3.0,208.0,220.0,156.0,141.0,0.0,1.1402404539069198e-05,0.0010787956491341627,0.0014328252448177316,0.0016321679375256334,0.001764626374781612
CAR,2013,883948.2,267503.6,194761.4,155614.2,99767.6,82205.40000000001,0.0,3.0,208.0,218.0,157.0,140.0,0.0,1.1214802342846975e-05,0.0010679734279995933,0.0014009004319657202,0.0015736571792846574,0.0017030511377598063
CAR,2014,887197.6,271904.80000000005,196715.2,157685.59999999998,103956.8,84507.2,0.0,8.0,203.0,218.0,157.0,140.0,0.0,2.9422062427732055e-05,0.0010319487258737504,0.0013824978311272559,0.001510242716205193,0.0016566635742279949
CAR,2015,890447.0,276306.0,198669.0,159757.0,108146.0,86809.0,0.0,84.0,315.0,240.0,165.0,190.0,0.0,0.00030401077066730364,0.0015855518475454146,0.0015022815901650631,0.0015257152368094982,0.002188713151862134
CAR,2016,891599.0,281696.0,204829.0,161529.0,110454.0,89273.0,0.0,89.0,318.0,241.0,164.0,190.0,0.0,0.00031594342837668976,0.0015525145365158253,0.0014919921500164057,0.0014847809948032665,0.002128303070357219
CAR,2017,892113.0,287000.0,210961.0,163208.0,112725.0,91710.0,0.0,93.0,321.0,241.0,163.0,189.0,0.0,0.0003240418118466899,0.0015216082593465143,0.0014766433017989315,0.0014459968950986915,0.0020608439646712462
CAR,2018,892018.0,292221.0,217085.0,164804.0,114955.0,94127.0,0.0,87.0,189.0,109.0,83.0,108.0,0.0,0.0002977198763949203,0.0008706267130386715,0.0006613917137933545,0.0007220216606498195,0.0011473859785183847
CAR,2019,891322.0,297365.0,223185.0,166320.0,117157.0,96532.0,0.0,71.0,187.0,107.0,93.0,113.0,0.0,0.00023876380878718075,0.0008378699285346237,0.0006433381433381434,0.0007938066013981239,0.0011705962789541292
CAR,2020,890026.0,302431.0,229277.0,167759.0,119323.0,98922.0,0.0,63.0,187.0,112.0,91.0,118.0,0.0,0.00020831197860007736,0.0008156073221474461,0.0006676243897495813,0.0007626358707038878,0.0011928590202381674
I - Ilocos,2010,2425600.0,719800.0,595900.0,461700.0,308700.0,287200.0,0.0,2.0,180.0,423.0,424.0,226.0,0.0,2.7785495971103082e-06,0.0003020641047155563,0.0009161793372319688,0.001373501781665047,0.000786908077994429
I - Ilocos,2011,2425644.6,727181.4,603010.0,472030.80000000005,318988.4,296499.0,0.0,2.0,184.0,429.0,423.0,248.0,0.0,2.750345374620418e-06,0.0003051359015605048,0.0009088389994890163,0.0013260670293966802,0.0008364277788457971
I - Ilocos,2012,2425689.2,734562.8,610120.0,482361.6,329276.8,305798.0,0.0,3.0,177.0,428.0,419.0,252.0,0.0,4.0840619753682055e-06,0.00029010686422343147,0.0008873011450331039,0.0012724856412598762,0.0008240734079359577
I - Ilocos,2013,2425733.8,741944.2,617230.0,492692.4,339565.2,315097.0,0.0,3.0,177.0,435.0,417.0,278.0,0.0,4.04343075934821e-06,0.0002867650632665295,0.0008829038158494021,0.0012280410360072233,0.0008822680000126945
I - Ilocos,2014,2425778.4,749325.6,624340.0,503023.2,349853.6,324396.0,0.0,6.0,188.0,452.0,420.0,519.0,0.0,8.007200074306818e-06,0.0003011179805875004,0.0008985669050652137,0.0012005021529005275,0.0015998964228905411
I - Ilocos,2015,2425823.0,756707.0,631450.0,513354.0,360142.0,333695.0,1.0,56.0,300.0,479.0,443.0,547.0,4.122312303906757e-07,7.400486581992765e-05,0.0004750969989706232,0.0009330793175859153,0.00123007036113533,0.0016392214447324652
I - Ilocos,2016,2435747.0,766716.0,640520.0,520600.0,369089.0,343512.0,1.0,59.0,300.0,485.0,441.0,547.0,4.105516705963304e-07,7.695157007288227e-05,0.0004683694498220196,0.0009316173645793315,0.0011948337663815502,0.0015923752299774098
I - Ilocos,2017,2444074.0,776394.0,649314.0,527587.0,377926.0,353247.0,1.0,59.0,300.0,485.0,440.0,546.0,4.0915291435529365e-07,7.599234409333405e-05,0.00046202607675177186,0.0009192796638279563,0.0011642490857998655,0.0015456606850164333
I - Ilocos,2018,2450866.0,785767.0,657858.0,534338.0,386669.0,362912.0,1.0,53.0,190.0,234.0,254.0,371.0,4.080190430647779e-07,6.745002017137396e-05,0.00028881612749255916,0.000437925058670729,0.0006568925877171431,0.0010222863944978396
I - Ilocos,2019,2456148.0,794829.0,666150.0,540851.0,395307.0,372515.0,0.0,40.0,186.0,221.0,266.0,390.0,0.0,5.0325290093844085e-05,0.00027921639270434587,0.00040861531179567015,0.0006728947375078104,0.0010469377072064212
I - Ilocos,2020,2459934.0,803588.0,674204.0,547144.0,403867.0,382070.0,0.0,34.0,180.0,227.0,263.0,399.0,0.0,4.231023857996884e-05,0.00026698150708094284,0.0004148816399339114,0.0006512044806829972,0.0010443112518648415
II - Cagayan,2010,1663300.0,491200.0,409900.0,327000.0,194300.0,154500.0,0.0,1.0,113.0,263.0,217.0,131.0,0.0,2.035830618892508e-06,0.0002756769943888753,0.0008042813455657492,0.001116829644879053,0.0008478964401294498
II - Cagayan,2011,1672215.6,498234.8,415511.0,332359.0,204039.59999999998,159293.6,0.0,1.0,123.0,263.0,217.0,137.0,0.0,2.007085815763973e-06,0.0002960210439675484,0.0007913130079221565,0.0010635190423819692,0.0008600471079817394
II - Cagayan,2012,1681131.2,505269.6,421122.0,337718.0,213779.2,164087.2,0.0,3.0,133.0,266.0,220.0,133.0,0.0,5.937424297840203e-06,0.00031582296816599464,0.0007876393914449334,0.00102909918270814,0.0008105446372416617
II - Cagayan,2013,1690046.8,512304.4,426733.0,343077.0,223518.8,168880.8,0.0,3.0,136.0,270.0,220.0,152.0,0.0,5.85589348832452e-06,0.00031870045203909707,0.0007869953392387132,0.000984257252633783,0.0009000431073277721
II - Cagayan,2014,1698962.4,519339.19999999995,432344.0,348436.0,233258.4,173674.4,0.0,8.0,141.0,268.0,219.0,152.0,0.0,1.5404190555998854e-05,0.0003261291934200544,0.0007691512932073609,0.0009388729409101666,0.0008752009507446118
II - Cagayan,2015,1707878.0,526374.0,437955.0,353795.0,242998.0,178468.0,0.0,37.0,252.0,315.0,248.0,216.0,0.0,7.02922256798398e-05,0.0005754015823543515,0.0008903461043824814,0.0010205845315599306,0.0012103010063428737
II - Cagayan,2016,1714169.0,535836.0,445199.0,359909.0,250555.0,187994.0,0.0,38.0,251.0,318.0,245.0,214.0,0.0,7.09172209407356e-05,0.000563792820738591,0.0008835566768266423,0.0009778292191335235,0.0011383342021553879
II - Cagayan,2017,1719011.0,545045.0,452214.0,365825.0,258049.0,197559.0,0.0,38.0,250.0,317.0,245.0,213.0,0.0,6.97190140263648e-05,0.0005528356043819962,0.0008665345452060411,0.0009494320846040868,0.0010781589297374455
II - Cagayan,2018,1722442.0,554031.0,459021.0,371552.0,265488.0,207181.0,0.0,35.0,130.0,142.0,151.0,157.0,0.0,6.31733603354325e-05,0.00028321144348515643,0.00038218069072431317,0.000568763936599771,0.0007577914963244699
II - Cagayan,2019,1724491.0,562776.0,465611.0,377094.0,272872.0,216845.0,0.0,26.0,126.0,134.0,166.0,163.0,0.0,4.619955364123559e-05,0.0002706121633724289,0.0003553490641590691,0.0006083438388695065,0.0007516889944430353
II - Cagayan,2020,1725196.0,571303.0,472005.0,382461.0,280210.0,226566.0,0.0,22.0,122.0,135.0,171.0,165.0,0.0,3.8508462234576046e-05,0.0002584718382220527,0.00035297716629930894,0.0006102565932693337,0.0007282646116363444
III - C. Luzon,2010,5239400.0,1616600.0,1343600.0,985700.0,606500.0,446500.0,0.0,2.0,400.0,816.0,556.0,415.0,0.0,1.2371644191513053e-06,0.00029770765108663293,0.0008278380846099218,0.0009167353668590272,0.0009294512877939529
III - C. Luzon,2011,5291247.6,1648310.6,1369954.4,1019095.3999999999,633625.0,468220.8,0.0,2.0,427.0,818.0,555.0,408.0,0.0,1.2133635493213475e-06,0.00031168920658965,0.0008026726447788893,0.0008759124087591241,0.000871383757406762
III - C. Luzon,2012,5343095.199999999,1680021.2,1396308.8,1052490.7999999998,660750.0,489941.6,0.0,6.0,475.0,821.0,559.0,407.0,0.0,3.571383503970069e-06,0.0003401826300887024,0.0007800543244653542,0.0008460083238743852,0.0008307112521165788
III - C. Luzon,2013,5394942.800000001,1711731.8,1422663.2,1085886.2000000002,687875.0,511662.4,0.0,12.0,495.0,816.0,560.0,459.0,0.0,7.010444042694072e-06,0.0003479389921662415,0.0007514599596163943,0.0008141013992367799,0.0008970758844112837
III - C. Luzon,2014,5446790.4,1743442.4,1449017.6,1119281.6,715000.0,533383.2,0.0,15.0,505.0,813.0,555.0,459.0,0.0,8.603668237046432e-06,0.0003485119849475948,0.0007263587644074556,0.0007762237762237763,0.0008605445390855956
III - C. Luzon,2015,5498638.0,1775153.0,1475372.0,1152677.0,742125.0,555104.0,6.0,130.0,943.0,1069.0,680.0,936.0,1.0911793065846487e-06,7.323312413070873e-05,0.0006391608353689781,0.0009274063766345646,0.0009162876873842008,0.001686170519398167
III - C. Luzon,2016,5551385.0,1819020.0,1511266.0,1187122.0,777976.0,590673.0,6.0,150.0,959.0,1068.0,671.0,937.0,1.0808113650917745e-06,8.246198502490352e-05,0.0006345673097919229,0.0008996547953790765,0.0008624944728372083,0.001586326105984191
III - C. Luzon,2017,5597665.0,1861913.0,1546297.0,1221065.0,814000.0,626702.0,6.0,168.0,985.0,1082.0,664.0,934.0,1.0718755052329856e-06,9.022977980174154e-05,0.0006370056981291434,0.0008861117139546216,0.0008157248157248157,0.0014903415020216945
III - C. Luzon,2018,5637745.0,1903932.0,1580549.0,1254578.0,850275.0,663235.0,4.0,153.0,618.0,568.0,392.0,625.0,7.095035337710378e-07,8.036001285760205e-05,0.0003910033792055798,0.00045274187814548,0.00046102731469230545,0.0009423507504881377
III - C. Luzon,2019,5671765.0,1945057.0,1614030.0,1287646.0,886751.0,700245.0,1.0,121.0,583.0,590.0,422.0,643.0,1.7631195932835723e-07,6.220897382441748e-05,0.0003612076603284945,0.0004582004681410885,0.00047589458596607165,0.0009182500410570586
III - C. Luzon,2020,5699906.0,1985382.0,1646816.0,1320343.0,923493.0,737778.0,1.0,103.0,567.0,598.0,439.0,652.0,1.754414897368483e-07,5.187918496289379e-05,0.0003443007597691545,0.00045291261437368927,0.00047536906072920965,0.0008837346735738936
IVA - Calabarzon,2010,6578100.0,2106500.0,1677000.0,1205500.0,711400.0,483500.0,1.0,15.0,398.0,732.0,551.0,395.0,1.520195801219197e-07,7.120816520294327e-06,0.00023732856290995826,0.0006072169224388221,0.0007745290975541187,0.0008169596690796277
IVA - Calabarzon,2011,6685831.199999999,2161642.8,1730071.6,1249113.4,751475.6,508904.6,1.0,20.0,409.0,736.0,555.0,452.0,1.4957003401461886e-07,9.25222243008882e-06,0.00023640640075243128,0.0005892179204866428,0.0007385469335265177,0.0008881821858163593
IVA - Calabarzon,2012,6793562.3999999985,2216785.5999999996,1783143.2000000002,1292726.8,791551.2,534309.2,1.0,30.0,436.0,730.0,548.0,436.0,1.4719817690936353e-07,1.3533108479232274e-05,0.00024451205040627134,0.0005646978155013109,0.0006923115017701951,0.0008160069113539502
IVA - Calabarzon,2013,6901293.6000000015,2271928.4000000004,1836214.7999999998,1336340.2,831626.8,559713.8,1.0,30.0,441.0,764.0,571.0,495.0,1.4490037056241164e-07,1.3204641484300296e-05,0.0002401679803473973,0.000571710706600011,0.0006866060593525846,0.0008843805530612251
IVA - Calabarzon,2014,7009024.800000001,2327071.2,1889286.4,1379953.6,871702.4,585118.4,2.0,33.0,453.0,761.0,571.0,488.0,2.8534640082882853e-07,1.4180915478649729e-05,0.00023977306987442456,0.0005514678174686453,0.000655040068720701,0.0008340192343976876
IVA - Calabarzon,2015,7116756.0,2382214.0,1942358.0,1423567.0,911778.0,610523.0,4.0,112.0,1009.0,1219.0,803.0,722.0,5.620538346403895e-07,4.7015087645358476e-05,0.0005194716936836567,0.0008562997034913004,0.0008806968362912902,0.0011825926295979021
IVA - Calabarzon,2016,7218717.0,2436779.0,1993393.0,1477904.0,957964.0,656929.0,4.0,123.0,1024.0,1216.0,807.0,717.0,5.541150872100956e-07,5.0476469142257055e-05,0.0005136969980330021,0.0008227868657233487,0.0008424116146327001,0.0010914421497604763
IVA - Calabarzon,2017,7311999.0,2489482.0,2043146.0,1531964.0,1004466.0,704228.0,4.0,131.0,1036.0,1224.0,797.0,739.0,5.470460266747849e-07,5.2621388706566266e-05,0.0005070611693926914,0.0007989743884321041,0.0007934564236121482,0.0010493760543460356
IVA - Calabarzon,2018,7397030.0,2540472.0,2091768.0,1585853.0,1051354.0,752467.0,2.0,105.0,650.0,670.0,454.0,470.0,2.703787871618744e-07,4.133090228902346e-05,0.0003107419178417492,0.00042248556455106497,0.00043182410491613674,0.0006246121092353552
IVA - Calabarzon,2019,7473957.0,2589744.0,2139249.0,1639535.0,1098594.0,801594.0,2.0,84.0,599.0,688.0,486.0,492.0,2.675958665536877e-07,3.2435638426037476e-05,0.00028000480542470744,0.00041963117591268254,0.00044238362852882867,0.0006137770492294104
IVA - Calabarzon,2020,7543095.0,2637423.0,2185713.0,1693125.0,1146262.0,851681.0,2.0,71.0,576.0,691.0,508.0,503.0,2.6514315410318975e-07,2.692021719686224e-05,0.0002635295667820981,0.00040812107788851975,0.0004431796570068623,0.0005905967140279048
IX - Zamboanga,2010,1945900.0,480600.0,405800.0,303600.0,180100.0,135200.0,0.0,0.0,95.0,118.0,116.0,85.0,0.0,0.0,0.00023410547067520947,0.00038866930171278,0.0006440866185452527,0.000628698224852071
IX - Zamboanga,2011,1954266.0,486924.4,408154.8,309370.8,187296.59999999998,140113.4,0.0,0.0,95.0,117.0,116.0,101.0,0.0,0.0,0.00023275482733511893,0.0003781869523562017,0.0006193385250986938,0.0007208446872319136
IX - Zamboanga,2012,1962631.9999999998,493248.8,410509.6,315141.6,194493.2,145026.8,0.0,1.0,113.0,143.0,135.0,113.0,0.0,2.027374420373653e-06,0.0002752676185891877,0.0004537642761222257,0.0006941116707422162,0.0007791663333949312
IX - Zamboanga,2013,1970998.0000000002,499573.19999999995,412864.4,320912.4,201689.8,149940.2,0.0,1.0,113.0,143.0,135.0,113.0,0.0,2.001708658510905e-06,0.00027369761112849643,0.0004456044702541877,0.000669344706574155,0.000753633782001091
IX - Zamboanga,2014,1979364.0,505897.6,415219.2,326683.2,208886.40000000002,154853.6,0.0,2.0,114.0,143.0,135.0,114.0,0.0,3.953369219383528e-06,0.0002745537778599833,0.0004377329473936829,0.0006462842961533157,0.0007361792040998724
IX - Zamboanga,2015,1987730.0,512222.0,417574.0,332454.0,216083.0,159767.0,0.0,81.0,248.0,221.0,186.0,141.0,0.0,0.0001581345588436264,0.0005939067087510237,0.0006647536200496911,0.0008607803482920915,0.0008825351918731653
IX - Zamboanga,2016,1984457.0,528049.0,423019.0,336089.0,222458.0,166256.0,0.0,83.0,251.0,221.0,188.0,141.0,0.0,0.0001571823826955453,0.0005933539628243649,0.0006575639190809577,0.000845103345350583,0.0008480896930035608
IX - Zamboanga,2017,1979943.0,543835.0,428309.0,339570.0,228797.0,172737.0,0.0,83.0,252.0,218.0,187.0,141.0,0.0,0.00015261982034992232,0.0005883602726069263,0.0006419883970904379,0.0008173184088952215,0.0008162698205943139
IX - Zamboanga,2018,1974212.0,559618.0,433465.0,342915.0,235111.0,179229.0,0.0,78.0,137.0,119.0,112.0,102.0,0.0,0.00013938079189732997,0.00031605781320291144,0.000347024772902906,0.00047637073552492227,0.0005691043302144184
IX - Zamboanga,2019,1967287.0,575371.0,438483.0,346120.0,241396.0,185730.0,0.0,64.0,139.0,123.0,110.0,112.0,0.0,0.00011123257863187405,0.0003170020274446216,0.0003553680804345314,0.00045568277850502906,0.000603025897808647
IX - Zamboanga,2020,1959171.0,591129.0,443370.0,349194.0,247657.0,192240.0,0.0,55.0,146.0,119.0,110.0,118.0,0.0,9.304229702822903e-05,0.00032929607325709904,0.0003407847786617181,0.00044416269275651405,0.0006138160632542655
MIMAROPA,2010,1575900.0,380000.0,318400.0,240800.0,147100.0,118100.0,0.0,1.0,50.0,120.0,124.0,44.0,0.0,2.631578947368421e-06,0.000157035175879397,0.0004983388704318936,0.0008429639700883753,0.0003725656223539373
MIMAROPA,2011,1583316.6,386999.19999999995,323630.8,246364.8,153327.59999999998,122499.2,0.0,1.0,50.0,120.0,124.0,44.0,0.0,2.583984669735752e-06,0.0001544970379827878,0.00048708257023730666,0.0008087258914898558,0.00035918601917400277
MIMAROPA,2012,1590733.2000000002,393998.4,328861.6,251929.6,159555.2,126898.4,0.0,1.0,50.0,120.0,123.0,47.0,0.0,2.5380813729192807e-06,0.0001520396422081508,0.00047632354435524845,0.0007708930827701008,0.00037037504018963205
MIMAROPA,2013,1598149.7999999998,400997.6,334092.4,257494.4,165782.8,131297.6,0.0,1.0,50.0,120.0,122.0,47.0,0.0,2.493780511404557e-06,0.0001496591960786896,0.0004660295524873551,0.0007359026388744792,0.00035796541597104593
MIMAROPA,2014,1605566.4,407996.80000000005,339323.2,263059.2,172010.40000000002,135696.8,0.0,11.0,54.0,120.0,125.0,45.0,0.0,2.696099577251586e-05,0.00015914031224508078,0.0004561710824027443,0.0007267002460316352,0.0003316216742030763
MIMAROPA,2015,1612983.0,414996.0,344554.0,268624.0,178238.0,140096.0,0.0,11.0,70.0,115.0,115.0,103.0,0.0,2.6506279578598347e-05,0.00020316118808662794,0.00042810768955863957,0.0006452047262648818,0.0007352101416171768
MIMAROPA,2016,1628531.0,427137.0,348806.0,272549.0,183422.0,145985.0,0.0,10.0,72.0,113.0,116.0,103.0,0.0,2.341169226735216e-05,0.00020641846757223214,0.0004146043463744134,0.0006324214107358986,0.0007055519402678357
MIMAROPA,2017,1642697.0,439163.0,352799.0,276274.0,188545.0,151864.0,0.0,10.0,72.0,113.0,117.0,103.0,0.0,2.2770588596944642e-05,0.00020408221111737845,0.0004090142394868862,0.0006205415152881275,0.000678238423852921
MIMAROPA,2018,1655535.0,451098.0,356546.0,279811.0,193610.0,157757.0,0.0,10.0,51.0,62.0,74.0,81.0,0.0,2.216813198019056e-05,0.00014303904685510424,0.00022157813667082423,0.0003822116626207324,0.0005134478977161077
MIMAROPA,2019,1667081.0,462936.0,360060.0,283157.0,198620.0,163649.0,0.0,9.0,40.0,67.0,76.0,86.0,0.0,1.944113225154233e-05,0.00011109259567849802,0.00023661784804896225,0.0003826402175007552,0.0005255149741214428
MIMAROPA,2020,1677355.0,474690.0,363346.0,286329.0,203584.0,169555.0,0.0,9.0,35.0,66.0,81.0,87.0,0.0,1.8959742147506796e-05,9.632691704325904e-05,0.00023050407049233574,0.0003978701666142722,0.000513107841113503
NCR,2010,5821500.0,2202000.0,1621500.0,1171200.0,671700.0,402900.0,0.0,5.0,689.0,549.0,441.0,420.0,0.0,2.270663033605813e-06,0.00042491520197348134,0.00046875,0.0006565430995980349,0.0010424422933730455
NCR,2011,5876001.0,2234884.4,1653035.6,1197333.0,699843.8,423384.4,0.0,22.0,881.0,723.0,557.0,494.0,0.0,9.84390959997752e-06,0.000532958878804546,0.0006038420389315253,0.0007958918833031027,0.0011667883842673467
NCR,2012,5930502.0,2267768.8,1684571.2,1223466.0,727987.6,443868.80000000005,0.0,374.0,2577.0,1936.0,1409.0,1587.0,0.0,0.00016491981016759734,0.0015297661505788535,0.0015823897026970917,0.0019354725272793109,0.0035753808332552317
NCR,2013,5985003.0,2300653.2,1716106.8,1249599.0,756131.4,464353.19999999995,0.0,536.0,2924.0,2179.0,1598.0,1853.0,0.0,0.00023297731270406158,0.001703856659737028,0.001743759398014883,0.0021133892865710904,0.003990496889006041
NCR,2014,6039504.0,2333537.6,1747642.4,1275732.0,784275.2,484837.6,4.0,553.0,2940.0,2187.0,1607.0,1882.0,6.623060436751097e-07,0.00023697925415900733,0.001682266349225677,0.001714309902079747,0.002049025648139837,0.0038817121444376427
NCR,2015,6094005.0,2366422.0,1779178.0,1301865.0,812419.0,505322.0,18.0,669.0,3225.0,2646.0,1912.0,2601.0,2.9537225519178275e-06,0.00028270528248976727,0.0018126348234971431,0.0020324688043691164,0.0023534653916267344,0.005147213064145238
NCR,2016,6112736.0,2370390.0,1825357.0,1348337.0,855328.0,554684.0,23.0,956.0,3470.0,2800.0,2039.0,2725.0,3.7626359129528905e-06,0.00040330916009601796,0.0019009979965562902,0.0020766321772672557,0.0023838808036215344,0.0049127070548276135
NCR,2017,6124638.0,2371762.0,1870722.0,1394490.0,898417.0,604776.0,25.0,1070.0,4039.0,3098.0,2207.0,2881.0,4.081873900139077e-06,0.0004511413877109086,0.002159059443359302,0.0022216007285817754,0.0024565430084248184,0.004763747238647037
NCR,2018,6129929.0,2370604.0,1915373.0,1440403.0,941742.0,655650.0,15.0,1093.0,2842.0,1979.0,1473.0,2113.0,2.447010397673448e-06,0.00046106393138626277,0.0014837840984497537,0.0013739210484843478,0.0015641226577979956,0.003222756043620834
NCR,2019,6128771.0,2366973.0,1959275.0,1486019.0,985240.0,707219.0,13.0,786.0,2950.0,2014.0,1549.0,2203.0,2.12114304809235e-06,0.0003320696940776257,0.0015056589810006251,0.0013552989564736386,0.0015722057569729202,0.00311501812027109
NCR,2020,6121300.0,2360906.0,2002517.0,1531416.0,1028971.0,759546.0,11.0,666.0,2966.0,2053.0,1572.0,2247.0,1.7970039043993922e-06,0.0002820950940020484,0.001481135990356137,0.00134058936304701,0.0015277398488392773,0.0029583461699488906
V - Bicol,2010,3147100.0,700700.0,601700.0,466500.0,306300.0,266000.0,0.0,0.0,57.0,205.0,242.0,109.0,0.0,0.0,9.473159381751703e-05,0.00043944265809217576,0.0007900750897812602,0.0004097744360902256
V - Bicol,2011,3159838.6,712217.4,609290.8,477898.0,316394.8,273061.8,0.0,0.0,86.0,230.0,263.0,125.0,0.0,0.0,0.0001411477081222956,0.0004812742468058037,0.0008312399571674377,0.0004577718304061572
V - Bicol,2012,3172577.2,723734.8,616881.6,489296.0,326489.6,280123.60000000003,0.0,2.0,89.0,231.0,261.0,124.0,0.0,2.7634431838844834e-06,0.00014427403897279478,0.00047210686373892286,0.0007994129062610264,0.0004426617393179296
V - Bicol,2013,3185315.8,735252.2,624472.4,500694.0,336584.4,287185.39999999997,0.0,4.0,89.0,230.0,260.0,151.0,0.0,5.44031014120053e-06,0.00014252030994484302,0.00045936240498188516,0.0007724659847574635,0.0005257927457315031
V - Bicol,2014,3198054.4,746769.6,632063.2,512092.0,346679.2,294247.2,0.0,5.0,88.0,232.0,260.0,151.0,0.0,6.695505548163718e-06,0.00013922658367074685,0.0004530435937292518,0.0007499728855956746,0.000513173957135361
V - Bicol,2015,3210793.0,758287.0,639654.0,523490.0,356774.0,301309.0,1.0,35.0,231.0,338.0,354.0,253.0,3.1144953910139955e-07,4.615666627543397e-05,0.0003611327373861494,0.0006456665838888995,0.0009922247697421898,0.0008396695750873688
V - Bicol,2016,3230080.0,789638.0,644599.0,526126.0,364106.0,310971.0,1.0,52.0,256.0,346.0,356.0,261.0,3.095898553596196e-07,6.585296047049408e-05,0.00039714613271196514,0.0006576371439541099,0.0009777372523386047,0.0008393065591325237
V - Bicol,2017,3246976.0,821054.0,649119.0,528347.0,371268.0,320557.0,1.0,67.0,255.0,346.0,354.0,262.0,3.079788701856743e-07,8.160242809851727e-05,0.00039284014179218296,0.0006548726499819248,0.0009534891237596561,0.0008173273395995096
V - Bicol,2018,3261571.0,852574.0,653232.0,530179.0,378292.0,330101.0,0.0,60.0,152.0,148.0,200.0,185.0,0.0,7.037512286323534e-05,0.00023268915178680774,0.00027915100371761237,0.0005286921214300064,0.0005604345336730274
V - Bicol,2019,3273909.0,884168.0,656946.0,531619.0,385169.0,339587.0,0.0,50.0,144.0,146.0,215.0,190.0,0.0,5.655033884963039e-05,0.00021919609830945008,0.000274632772718808,0.0005581965319119659,0.0005595031611928607
V - Bicol,2020,3284045.0,915884.0,660277.0,532682.0,391902.0,349046.0,0.0,42.0,146.0,147.0,217.0,193.0,0.0,4.5857335645125366e-05,0.00022111931810437136,0.00027596201861523385,0.0005537098560354374,0.0005529357162093249
VI - W. Visayas,2010,3743100.0,1018900.0,849100.0,691500.0,456500.0,419900.0,0.0,2.0,138.0,210.0,176.0,84.0,0.0,1.962901167926195e-06,0.00016252502649864562,0.0003036876355748373,0.0003855421686746988,0.00020004763038818766
VI - W. Visayas,2011,3744375.6,1038599.6000000001,858536.6,703672.0,473572.0,430173.39999999997,0.0,7.0,238.0,292.0,257.0,136.0,0.0,6.739844690870283e-06,0.000277215904365638,0.0004149660637342398,0.0005426841113917208,0.000316151579804795
VI - W. Visayas,2012,3745651.2,1058299.2000000002,867973.2,715844.0,490644.0,440446.80000000005,0.0,18.0,270.0,311.0,260.0,138.0,0.0,1.7008422570857084e-05,0.0003110695122844807,0.00043445219908248167,0.0005299157841530723,0.00031331820324270715
VI - W. Visayas,2013,3746926.8,1077998.7999999998,877409.8,728016.0,507716.0,450720.19999999995,0.0,19.0,272.0,310.0,261.0,151.0,0.0,1.7625251530892246e-05,0.0003100033758455855,0.00042581481725676356,0.0005140669193013417,0.0003350193756570041
VI - W. Visayas,2014,3748202.4,1097698.4,886846.4,740188.0,524788.0,460993.60000000003,0.0,46.0,291.0,316.0,264.0,151.0,0.0,4.190586412442617e-05,0.0003281289747581994,0.00042691856663442263,0.0005030602833906263,0.00032755335431988643
VI - W. Visayas,2015,3749478.0,1117398.0,896283.0,752360.0,541860.0,471267.0,1.0,82.0,539.0,592.0,452.0,255.0,2.6670379183449004e-07,7.338477427022422e-05,0.0006013725575515769,0.000786857355521293,0.0008341638061491898,0.0005410945387646493
VI - W. Visayas,2016,3754767.0,1143846.0,912752.0,758738.0,552916.0,487370.0,1.0,83.0,590.0,647.0,494.0,283.0,2.6632811037276083e-07,7.256221554300142e-05,0.0006463968306834715,0.0008527317730230989,0.0008934449355779178,0.0005806676652235468
VI - W. Visayas,2017,3757698.0,1170108.0,928957.0,764729.0,563804.0,503438.0,1.0,83.0,594.0,648.0,489.0,284.0,2.6612037476135655e-07,7.093362322110438e-05,0.0006394267980111027,0.0008473589990702589,0.0008673226866074026,0.0005641211032937521
VI - W. Visayas,2018,3758343.0,1196223.0,944947.0,770344.0,574544.0,519497.0,1.0,79.0,462.0,424.0,370.0,220.0,2.6607470366595066e-07,6.604119800405109e-05,0.0004889163095919666,0.0005504034561183055,0.00064398897212398,0.0004234865648887289
VI - W. Visayas,2019,3756740.0,1222169.0,960706.0,775593.0,585132.0,535543.0,1.0,54.0,462.0,413.0,384.0,242.0,2.6618823767415367e-07,4.418374218295506e-05,0.0004808963408160249,0.0005324957806478398,0.0006562621767396074,0.00045187781373297754
VI - W. Visayas,2020,3752927.0,1247999.0,976276.0,780498.0,595599.0,551600.0,1.0,48.0,453.0,404.0,403.0,247.0,2.664586867796789e-07,3.846156928010359e-05,0.00046400812884880914,0.0005176182386117581,0.0006766297458524947,0.0004477882523567803
VII - C. Visayas,2010,3610700.0,1017700.0,819000.0,632000.0,405600.0,358400.0,0.0,1.0,260.0,272.0,217.0,263.0,0.0,9.82607841210573e-07,0.00031746031746031746,0.00043037974683544304,0.0005350098619329389,0.0007338169642857143
VII - C. Visayas,2011,3648914.1999999997,1038504.2,831327.3999999999,644808.8,421261.4,367172.8,0.0,2.0,280.0,285.0,227.0,258.0,0.0,1.925846809285894e-06,0.00033681074387780316,0.0004419914864685469,0.0005388578208209914,0.0007026664284500377
VII - C. Visayas,2012,3687128.4000000004,1059308.4,843654.8,657617.6,436922.8,375945.60000000003,0.0,3.0,293.0,290.0,222.0,246.0,0.0,2.8320364494419192e-06,0.00034729844481415855,0.00044098576437126986,0.0005080989135838185,0.0006543499910625366
VII - C. Visayas,2013,3725342.5999999996,1080112.6,855982.2,670426.4,452584.2,384718.39999999997,0.0,4.0,288.0,291.0,223.0,325.0,0.0,3.7033175985540763e-06,0.00033645559452054026,0.000434052119665932,0.0004927259944116476,0.0008447737358026027
VII - C. Visayas,2014,3763556.8000000003,1100916.8,868309.6000000001,683235.2,468245.6,393491.19999999995,0.0,14.0,292.0,291.0,223.0,324.0,0.0,1.2716673957559735e-05,0.00033628558293032806,0.0004259148240605871,0.00047624579921306257,0.000823398337751899
VII - C. Visayas,2015,3801771.0,1121721.0,880637.0,696044.0,483907.0,402264.0,1.0,228.0,653.0,446.0,321.0,303.0,2.6303530644007753e-07,0.00020325909918776595,0.0007415087033590458,0.0006407640896265178,0.0006633506024918011,0.0007532366803889983
VII - C. Visayas,2016,3825991.0,1150213.0,902919.0,712339.0,500035.0,420068.0,1.0,287.0,599.0,426.0,314.0,291.0,2.613701914092323e-07,0.00024951900213264846,0.0006634039155228764,0.0005980298706093587,0.0006279560430769846,0.000692744984145424
VII - C. Visayas,2017,3846043.0,1178163.0,924747.0,728197.0,515999.0,437854.0,2.0,373.0,643.0,469.0,329.0,292.0,5.200149868319205e-07,0.00031659456289155234,0.0006953253160053507,0.0006440564847149878,0.0006375981348801064,0.0006668889629876625
VII - C. Visayas,2018,3862083.0,1205621.0,946177.0,743657.0,531825.0,455654.0,2.0,378.0,485.0,320.0,226.0,225.0,5.17855261008114e-07,0.0003135313668225753,0.0005125890821696152,0.00043030590715881114,0.0004249518168570488,0.0004937957309713071
VII - C. Visayas,2019,3874195.0,1232565.0,967188.0,758716.0,547499.0,473443.0,1.0,342.0,495.0,312.0,244.0,242.0,2.581181380906227e-07,0.00027747015370386147,0.000511792950284743,0.0004112210629537271,0.0004456629144528118,0.0005111491774088961
VII - C. Visayas,2020,3882485.0,1259036.0,987829.0,773399.0,563043.0,491254.0,1.0,315.0,500.0,315.0,258.0,247.0,2.575669963953499e-07,0.0002501914162899234,0.0005061604791922489,0.00040729300141324206,0.00045822432744923566,0.0005027948881841165
VIII - E. Visayas,2010,2326200.0,526500.0,459300.0,365200.0,244500.0,227400.0,0.0,0.0,128.0,149.0,181.0,229.0,0.0,0.0,0.0002786849553668626,0.00040799561883899234,0.0007402862985685072,0.0010070360598065083
VIII - E. Visayas,2011,2340956.8,538517.4,466061.8,374101.2,253030.8,233442.39999999997,0.0,0.0,130.0,150.0,180.0,232.0,0.0,0.0,0.00027893296554233794,0.0004009610233808392,0.0007113758483156991,0.000993821173874155
VIII - E. Visayas,2012,2355713.6,550534.8,472823.6,383002.4,261561.6,239484.80000000002,0.0,0.0,132.0,148.0,180.0,236.0,0.0,0.0,0.00027917388218354585,0.00038642055506701785,0.0006881744109227042,0.0009854487633453146
VIII - E. Visayas,2013,2370470.4,562552.2,479585.4,391903.6,270092.4,245527.19999999998,0.0,0.0,133.0,149.0,179.0,285.0,0.0,0.0,0.0002773228709631277,0.0003801955378822752,0.0006627361599215676,0.0011607675239240296
VIII - E. Visayas,2014,2385227.2,574569.6,486347.2,400804.8,278623.2,251569.60000000003,0.0,6.0,135.0,151.0,180.0,282.0,0.0,1.0442599121150858e-05,0.0002775794740876477,0.00037674199510584705,0.0006460337832599726,0.0011209621512297192
VIII - E. Visayas,2015,2399984.0,586587.0,493109.0,409706.0,287154.0,257612.0,1.0,64.0,166.0,182.0,200.0,373.0,4.166694444629631e-07,0.00010910572515244968,0.00033663956650557993,0.00044422097796956845,0.0006964903849502358,0.0014479139170535534
VIII - E. Visayas,2016,2415763.0,612206.0,497964.0,412233.0,293009.0,264815.0,1.0,64.0,167.0,180.0,200.0,373.0,4.1394789141153334e-07,0.00010453997510641843,0.0003353656087588661,0.0004366462655828136,0.0006825728902525179,0.0014085304835451163
VIII - E. Visayas,2017,2430977.0,638251.0,502766.0,414648.0,298886.0,272086.0,1.0,65.0,166.0,180.0,201.0,372.0,4.113572444329996e-07,0.00010184081184361638,0.000330173480306942,0.00043410314290675465,0.0006724972062927002,0.0013672147776805862
VIII - E. Visayas,2018,2445664.0,664795.0,507523.0,416959.0,304802.0,279440.0,1.0,11.0,99.0,129.0,140.0,293.0,4.088869116935115e-07,1.6546454170082507e-05,0.00019506505123905715,0.0003093829369314489,0.00045931457142669665,0.0010485256226739192
VIII - E. Visayas,2019,2459821.0,691834.0,512234.0,419175.0,310755.0,286882.0,1.0,11.0,94.0,119.0,147.0,301.0,4.0653364614742293e-07,1.5899767863389194e-05,0.00018350988025004199,0.0002838909763225383,0.0004730414635323647,0.0010492118710828842
VIII - E. Visayas,2020,2473493.0,719439.0,516916.0,421292.0,316765.0,294432.0,1.0,11.0,91.0,117.0,151.0,302.0,4.042865696405852e-07,1.5289690995344984e-05,0.00017604407679390848,0.00027771711781852016,0.0004766940792069831,0.0010257037278556679
X - N. Mindanao,2010,2393700.0,623400.0,512200.0,392400.0,232400.0,173100.0,0.0,9.0,191.0,213.0,196.0,219.0,0.0,1.4436958614051972e-05,0.0003729012104646622,0.0005428134556574924,0.0008433734939759036,0.001265164644714038
X - N. Mindanao,2011,2417154.0,638630.6000000001,519524.80000000005,400385.6,243454.0,179085.8,0.0,10.0,202.0,214.0,195.0,228.0,0.0,1.5658504305932095e-05,0.0003888168572510879,0.0005344847566945465,0.0008009726683480247,0.0012731327665286695
X - N. Mindanao,2012,2440608.0,653861.2,526849.6000000001,408371.19999999995,254508.0,185071.6,0.0,12.0,212.0,214.0,193.0,261.0,0.0,1.835251885262499e-05,0.0004023918780615947,0.0005240330366098296,0.0007583258679491411,0.001410265000140486
X - N. Mindanao,2013,2464062.0,669091.8,534174.3999999999,416356.80000000005,265562.0,191057.4,0.0,13.0,213.0,214.0,193.0,281.0,0.0,1.9429321955522395e-05,0.00039874617727843196,0.000513982238310987,0.0007267606058095662,0.0014707621897921777
X - N. Mindanao,2014,2487516.0,684322.3999999999,541499.2,424342.4,276616.0,197043.2,2.0,18.0,218.0,215.0,193.0,282.0,8.040149289492007e-07,2.630339150084814e-05,0.0004025860056672291,0.0005066663147495984,0.0006977181363334008,0.0014311582434714822
X - N. Mindanao,2015,2510970.0,699553.0,548824.0,432328.0,287670.0,203029.0,19.0,40.0,268.0,280.0,233.0,317.0,7.5667968952237586e-06,5.7179370255005694e-05,0.0004883168374560879,0.000647656409022779,0.0008099558521917475,0.0015613533042077733
X - N. Mindanao,2016,2518700.0,720225.0,561931.0,441223.0,298346.0,215248.0,19.0,43.0,271.0,282.0,234.0,317.0,7.543574065986422e-06,5.9703564858204035e-05,0.00048226561624113994,0.0006391325928158777,0.0007843242409819472,0.0014727198394410169
X - N. Mindanao,2017,2523793.0,740695.0,574784.0,449857.0,308979.0,227550.0,19.0,71.0,296.0,299.0,237.0,320.0,7.528351176186002e-06,9.585591910300461e-05,0.0005149760605723193,0.0006646556572421902,0.0007670424203586652,0.0014062843331136014
X - N. Mindanao,2018,2526321.0,760996.0,587417.0,458244.0,319574.0,239960.0,18.0,56.0,183.0,160.0,153.0,228.0,7.124985304717809e-06,7.358777181483214e-05,0.00031153337407667807,0.00034915896334703785,0.00047876235238160803,0.0009501583597266211
X - N. Mindanao,2019,2526360.0,781112.0,599810.0,466392.0,330128.0,252457.0,18.0,47.0,176.0,158.0,165.0,234.0,7.124875314681993e-06,6.017062853982528e-05,0.0002934262516463547,0.00033877081939655913,0.0004998061358018708,0.0009268905199697374
X - N. Mindanao,2020,2523951.0,801068.0,612005.0,474315.0,340656.0,265056.0,18.0,41.0,174.0,162.0,164.0,239.0,7.131675694179483e-06,5.118167246725621e-05,0.0002843114026846186,0.0003415451756743936,0.00048142407590061526,0.0009016962453217433
XI - Davao,2010,2405100.0,688400.0,553100.0,414700.0,249800.0,177100.0,0.0,0.0,23.0,77.0,81.0,44.0,0.0,0.0,4.158380039775809e-05,0.0001856763925729443,0.0003242594075260208,0.0002484472049689441
XI - Davao,2011,2431064.6,705940.4,561948.6,423536.0,261207.59999999998,184024.40000000002,0.0,6.0,85.0,179.0,154.0,253.0,0.0,8.49930107414167e-06,0.00015125938564487928,0.00042263231460843944,0.0005895693693445367,0.0013748176872197381
XI - Davao,2012,2457029.2,723480.8,570797.2,432372.0,272615.19999999995,190948.80000000002,0.0,6.0,85.0,179.0,153.0,216.0,0.0,8.293240124686101e-06,0.0001489145356704623,0.00041399535585098015,0.0005612306283728861,0.0011311932832256603
XI - Davao,2013,2482993.8,741021.2,579645.8,441208.0,284022.80000000005,197873.19999999998,0.0,6.0,85.0,179.0,153.0,229.0,0.0,8.096934338720674e-06,0.00014664127644847938,0.00040570433899657306,0.000538689147490976,0.0011573068005166947
XI - Davao,2014,2508958.4,758561.6,588494.4,450044.0,295430.4,204797.59999999998,0.0,6.0,85.0,180.0,154.0,227.0,0.0,7.909707003360043e-06,0.0001444363786639261,0.00039996089271271255,0.000521273369294426,0.0011084114266964066
XI - Davao,2015,2534923.0,776102.0,597343.0,458880.0,306838.0,211722.0,0.0,70.0,374.0,345.0,243.0,387.0,0.0,9.019433012671015e-05,0.0006261059391337975,0.0007518305439330544,0.000791948845970838,0.0018278686201717346
XI - Davao,2016,2554511.0,789883.0,611535.0,469390.0,317334.0,224667.0,0.0,70.0,376.0,345.0,242.0,387.0,0.0,8.862071977748603e-05,0.0006148462475573761,0.0007349964847994206,0.0007626034399087397,0.0017225493730721468
XI - Davao,2017,2573187.0,803670.0,625817.0,479933.0,327950.0,237862.0,0.0,71.0,375.0,346.0,242.0,386.0,0.0,8.834471860340688e-05,0.0005992167039246297,0.0007209339636990997,0.0007379173654520506,0.0016227896847752059
XI - Davao,2018,2591009.0,817488.0,640234.0,490540.0,338720.0,251351.0,0.0,64.0,244.0,194.0,140.0,286.0,0.0,7.828861096431997e-05,0.0003811106564162478,0.00039548252945733275,0.00041332073689182805,0.001137851052910074
XI - Davao,2019,2607980.0,831339.0,654785.0,501209.0,349647.0,265121.0,0.0,58.0,226.0,200.0,151.0,293.0,0.0,6.976696630375816e-05,0.0003451514619302519,0.00039903513304828924,0.00043186413725843493,0.0011051557590685008
XI - Davao,2020,2624155.0,845248.0,669515.0,511973.0,360752.0,279226.0,0.0,56.0,218.0,206.0,150.0,298.0,0.0,6.625274475656848e-05,0.0003256088362471341,0.0004023649684651339,0.00041579811061338536,0.0010672358591248667
XII - SOCCSKSARGEN,2010,2337300.0,628800.0,510400.0,347100.0,193000.0,136300.0,0.0,1.0,106.0,252.0,242.0,124.0,0.0,1.5903307888040711e-06,0.00020768025078369905,0.0007260155574762316,0.0012538860103626943,0.0009097578870139398
XII - SOCCSKSARGEN,2011,2362759.5999999996,643545.6,519206.8,358951.0,202359.4,143013.2,0.0,1.0,104.0,252.0,241.0,123.0,0.0,1.5538914414145634e-06,0.00020030554299365879,0.0007020456831155227,0.0011909503586193674,0.0008600604699426346
XII - SOCCSKSARGEN,2012,2388219.2,658291.2,528013.6,370802.0,211718.8,149726.40000000002,0.0,4.0,114.0,252.0,240.0,126.0,0.0,6.076338252736783e-06,0.00021590352975756687,0.0006796079848544506,0.0011335790680846482,0.0008415349597666142
XII - SOCCSKSARGEN,2013,2413678.8000000003,673036.8,536820.4,382653.0,221078.2,156439.6,0.0,4.0,115.0,254.0,239.0,126.0,0.0,5.943211426180559e-06,0.00021422434765891907,0.0006637867728725503,0.0010810654329553976,0.0008054226679178418
XII - SOCCSKSARGEN,2014,2439138.4000000004,687782.4,545627.2,394504.0,230437.59999999998,163152.8,0.0,4.0,116.0,254.0,241.0,125.0,0.0,5.815792901941079e-06,0.0002125993718788213,0.0006438464502261067,0.0010458362697754187,0.000766152956001981
XII - SOCCSKSARGEN,2015,2464598.0,702528.0,554434.0,406355.0,239797.0,169866.0,0.0,31.0,172.0,274.0,250.0,168.0,0.0,4.4126355106131e-05,0.0003102262848238023,0.0006742872611386595,0.0010425484889302202,0.0009890148705450179
XII - SOCCSKSARGEN,2016,2484278.0,721009.0,566804.0,417446.0,252005.0,179620.0,0.0,44.0,183.0,278.0,253.0,168.0,0.0,6.102559052660924e-05,0.000322862929689981,0.0006659543988923118,0.0010039483343584452,0.0009353078721745908
XII - SOCCSKSARGEN,2017,2501102.0,739122.0,578804.0,428305.0,264254.0,189440.0,0.0,50.0,189.0,284.0,255.0,165.0,0.0,6.764783080465742e-05,0.00032653540749545614,0.000663078880704171,0.0009649806625443702,0.0008709881756756757
XII - SOCCSKSARGEN,2018,2515188.0,756910.0,590464.0,438959.0,276564.0,199334.0,0.0,46.0,108.0,149.0,145.0,100.0,0.0,6.077340767066098e-05,0.00018290700195100802,0.00033943944650867164,0.0005242909416988473,0.0005016705629747058
XII - SOCCSKSARGEN,2019,2526584.0,774355.0,601786.0,449400.0,288914.0,209290.0,0.0,39.0,108.0,137.0,160.0,104.0,0.0,5.036449690387484e-05,0.00017946579016461,0.00030485091232754783,0.0005537980160186076,0.0004969181518467198
XII - SOCCSKSARGEN,2020,2535374.0,791487.0,612785.0,459648.0,301322.0,219320.0,0.0,31.0,114.0,121.0,173.0,109.0,0.0,3.916678353529496e-05,0.00018603588534314645,0.000263244917850181,0.0005741366378823982,0.0004969906985227066
XIII - Caraga,2010,1375900.0,329000.0,279600.0,221700.0,134800.0,110900.0,0.0,4.0,87.0,109.0,108.0,82.0,0.0,1.21580547112462e-05,0.0003111587982832618,0.0004916553901668922,0.000801186943620178,0.000739404869251578
XIII - Caraga,2011,1380388.5999999999,337337.80000000005,281689.4,225883.8,140523.0,114444.99999999999,0.0,2.0,95.0,106.0,108.0,81.0,0.0,5.928775251394892e-06,0.0003372508869698327,0.0004692678270863161,0.00076855746034457,0.0007077635545458518
XIII - Caraga,2012,1384877.2,345675.6,283778.8,230067.6,146246.0,117990.0,0.0,2.0,92.0,106.0,110.0,79.0,0.0,5.7857713995433876e-06,0.00032419616969273253,0.00046073414944129465,0.0007521573239609972,0.0006695482668022714
XIII - Caraga,2013,1389365.8,354013.4,285868.2,234251.4,151969.0,121535.0,0.0,2.0,93.0,107.0,110.0,79.0,0.0,5.6495036628557e-06,0.00032532474755849025,0.00045677421778482437,0.0007238318341240648,0.0006500185131855022
XIII - Caraga,2014,1393854.4000000001,362351.19999999995,287957.6,238435.2,157692.0,125080.00000000001,0.0,4.0,94.0,107.0,110.0,79.0,0.0,1.103901408357417e-05,0.0003264369476617391,0.00044875924360161584,0.0006975623367069984,0.0006315957787016308
XIII - Caraga,2015,1398343.0,370689.0,290047.0,242619.0,163415.0,128625.0,0.0,19.0,113.0,113.0,113.0,103.0,0.0,5.125590454531966e-05,0.00038959203163625207,0.0004657508274290142,0.0006914909891992779,0.0008007774538386784
XIII - Caraga,2016,1407026.0,382574.0,294475.0,243455.0,167009.0,132952.0,0.0,21.0,116.0,113.0,113.0,100.0,0.0,5.489134128299362e-05,0.0003939213855165973,0.00046415148590088517,0.0006766102425617781,0.0007521511522955653
XIII - Caraga,2017,1414948.0,394491.0,298810.0,244142.0,170563.0,137282.0,0.0,21.0,115.0,112.0,113.0,100.0,0.0,5.3233153608067106e-05,0.0003848599444463037,0.00045874941632328725,0.0006625117991592549,0.0007284276161477834
XIII - Caraga,2018,1422138.0,406464.0,303070.0,244687.0,174093.0,141620.0,0.0,19.0,79.0,88.0,92.0,82.0,0.0,4.674460714848055e-05,0.0002606658527732867,0.00035964313592467113,0.0005284531830688196,0.0005790142635221014
XIII - Caraga,2019,1428619.0,418483.0,307255.0,245083.0,177596.0,145976.0,0.0,15.0,74.0,92.0,91.0,88.0,0.0,3.584374992532552e-05,0.00024084229711477436,0.00037538303350293574,0.0005123989279037817,0.0006028388228201897
XIII - Caraga,2020,1434398.0,430575.0,311372.0,245339.0,181075.0,150350.0,0.0,13.0,71.0,93.0,92.0,91.0,0.0,3.019218486907043e-05,0.0002280230720809835,0.00037906733132522753,0.0005080767637719177,0.0006052544063851014
