,year,Region,population,mortality_rate_100k,rGDP,proportion_under15,proportion_over60,life_expectancy,infant_death_rate_per100k,maternal_death_rate_per100k,population_density,WHO_PD,PD
0,2010,NCR,11855975,578.2653893922685,3053160348.0,28.98122918558886,5.75991522858007,71.01929399710096,1841.755958678799,88.1057268722467,19136.0,10,13.831397317607397
1,2011,NCR,12056622,568.0695543400207,3237138656.0,28.5974007227219,5.94083708443875,71.25929399710094,1821.8697537914973,66.25719988130612,19460.0,10,14.260809529618209
2,2012,NCR,12257269,571.2365267911954,3553088571.0,28.22568168251599,6.11605102795333,71.49929399710096,1838.911066665587,61.944824570637344,19784.0,10,14.684904115368742
3,2013,NCR,12457916,570.3200806465505,3890702252.0,27.86550790321619,6.28582298310179,71.73929399710096,1818.3609302783773,89.48141823943257,20108.0,10,15.103723973089991
4,2014,NCR,12658563,570.6413550643083,4215201150.0,27.51634973188012,6.450402607745829,71.97929399710097,1787.799913237895,88.01348149631261,20432.0,10,15.517322088981812
5,2015,NCR,12859211,579.5845483832562,4532443704.0,27.17770942556273,6.6100245186116,72.21929399710096,1644.3309199796345,81.97923767938352,20756.0,10,15.92575983459629
6,2016,NCR,13066832,588.046130844875,4928222539.0,27.03176255729009,7.041194070605631,72.4390607983051,1676.3967699694456,72.29375818419904,21091.0,10,16.13518402102476
7,2017,NCR,13264805,566.800642753512,5327124065.0,26.88572504458226,7.47092776712511,72.65882759950927,1543.5902151922016,89.6634173257311,21410.0,10,16.346070012771566
8,2018,NCR,13453701,556.9768497159257,5814440130.0,26.73921473355176,7.900443156868129,72.87859440071341,1611.557100764971,89.91520304697262,21715.0,10,16.558817729581023
9,2019,NCR,13633497,576.5138614106124,6294194685.0,26.592318903946648,8.32976308279526,73.09836120191756,1607.8350515463917,65.56701030927834,22005.0,10,16.77334518511589
10,2020,NCR,13804656,611.061948954034,5797058343.0,26.44465026872093,8.760102388643359,73.3181280031217,1436.820600961901,139.20927123695228,22282.0,10,16.990068824177786
11,2021,NCR,13632370,576.0,5983723621.6446,26.297066859092823,9.18911290475599,73.5181280031217,1693.5662073697,84.76641353113202,22004.0,10,17.20251769083619
12,2022,NCR,13775223,576.0,6360698209.808209,26.14918555022841,9.61801438421302,73.7181280031217,1693.5662073697,84.76641353113202,22234.0,10,17.416604844380863
13,2023,NCR,13913026,576.0,6803402805.210861,26.001040807302978,10.04680547743424,73.9181280031217,1693.5662073697,84.76641353113202,22457.0,10,17.63229912233225
14,2024,NCR,14045789,576.0,7261952154.282073,25.85223197816648,10.476725060863409,74.1181280031217,1693.5662073697,84.76641353113202,22671.0,10,17.850039072520197
15,2025,NCR,14174317,576.0,7731074263.448695,25.70358189840181,10.905449701779899,74.3181280031217,1693.5662073697,84.76641353113202,22878.0,10,18.0689424618066
16,2026,NCR,14304145,576.0,8231274768.293826,25.112655080964778,11.35069919917482,74.49789480432585,1693.5662073697,84.76641353113202,23088.0,10,18.770630534976288
17,2027,NCR,14435341,576.0,8766307628.232925,24.515007437273002,11.80101268152306,74.67766160553,1693.5662073697,84.76641353113202,23300.0,10,19.493280575599215
18,2028,NCR,14567786,576.0,9336117624.068066,23.910523653963008,12.25647703473942,74.85742840673414,1693.5662073697,84.76641353113202,23513.0,10,20.237451787619193
19,2029,NCR,14701475,576.0,9942965269.63249,23.29908576449395,12.71718114384566,75.0371952079383,1693.5662073697,84.76641353113202,23729.0,10,21.00372088869812
20,2030,NCR,14836527,576.0,10589258012.158602,22.68057307239928,13.18321595079853,75.21696200914243,1693.5662073697,84.76641353113202,23947.0,10,21.792682752044193
21,2010,CAR,1616867,398.3011589697854,189766817.0,32.06898668139692,6.85570490394648,68.49238299058896,818.3746005196977,47.78829784056629,81.0,10,10.484065872532616
22,2011,CAR,1637520,411.5979257418717,200486679.2,31.879780521222038,7.038102376327091,68.79238299058895,870.8619147032508,35.78884580972264,82.0,10,10.708137836638482
23,2012,CAR,1658173,444.6457904472981,201836502.1,31.694701643866928,7.216521088431451,69.09238299058896,894.1176470588235,47.05882352941177,83.0,10,10.931085472938141
24,2013,CAR,1678827,437.746064633692,219989237.9,31.513616459528098,7.391089822760461,69.39238299058897,906.1177953133908,63.00819106483843,84.0,10,11.15291556877933
25,2014,CAR,1699480,450.3728962837234,237096007.8,31.336397082152928,7.561931863316749,69.69238299058895,960.8529894926075,55.79146390602237,85.0,10,11.373636156701231
26,2015,CAR,1720134,459.7897605651653,243673957.8,31.16292102824547,7.7291652859602795,69.99238299058896,832.4425873740809,42.107990801023554,86.0,10,11.593256368479581
27,2016,CAR,1739380,478.8487851993239,255584787.4,30.884165622233212,7.8621692787085005,70.26297089013545,853.6793580331229,61.46491377838483,87.0,10,11.900897947181317
28,2017,CAR,1757717,465.14882657447134,280805810.2,30.60583700334013,7.994290320910589,70.53355878968193,724.458423154398,45.941265858571576,88.0,10,12.212186263275061
29,2018,CAR,1775210,483.0977743478237,308267122.3,30.32728522259338,8.12585553258487,70.80414668922845,872.1628953061155,41.20454623493459,89.0,10,12.527695535083524
30,2019,CAR,1791881,510.9156244192555,322106087.9,30.048089130918846,8.257635412173011,71.07473458877493,1186.8577218121293,110.96637236454865,90.0,10,12.847819894787063
31,2020,CAR,1807738,472.413590907532,296523326.6,29.76769863774507,8.389600705411949,71.34532248832141,800.3353786348565,87.65577956477,91.0,10,13.173092687992893
32,2021,CAR,1819164,455.0,306071377.71652,29.487814632974143,8.521006254941101,71.58532248832142,883.6601192184066,58.07059006843588,91.0,10,13.494313452599858
33,2022,CAR,1840023,455.0,325353874.51266074,29.20771731277938,8.65206164660613,71.82532248832142,883.6601192184066,58.07059006843588,92.0,10,13.819606610317893
34,2023,CAR,1860216,455.0,347998504.17874193,28.92715243242308,8.78322904454825,72.06532248832141,883.6601192184066,58.07059006843588,93.0,10,14.149224196886616
35,2024,CAR,1879713,455.0,371453603.3603891,28.64548548849495,8.914938850890659,72.30532248832142,883.6601192184066,58.07059006843588,94.0,10,14.483800211806072
36,2025,CAR,1898676,455.0,395449506.1374703,28.3643701237968,9.046135558115349,72.54532248832142,883.6601192184066,58.07059006843588,95.0,10,14.821742243113198
37,2026,CAR,1917845,455.0,421035089.1845646,27.84799996388456,9.26278948269147,72.74532248832142,883.6601192184066,58.07059006843588,96.0,10,15.388336061766376
38,2027,CAR,1937210,455.0,448402369.9815613,27.36990427344651,9.463384551302589,72.94532248832142,883.6601192184066,58.07059006843588,97.0,10,15.926430505656331
39,2028,CAR,1956783,455.0,477548524.0303628,26.925979649724358,9.64964243259016,73.14532248832141,883.6601192184066,58.07059006843588,98.0,10,16.438285609702973
40,2029,CAR,1976572,455.0,508589178.0923364,26.51268901857921,9.82304718015217,73.34532248832141,883.6601192184066,58.07059006843588,99.0,10,16.925956799044855
41,2030,CAR,1996562,455.0,541647474.6683382,26.126967191250998,9.9848848581844,73.54532248832142,883.6601192184066,58.07059006843588,100.0,10,17.39131171240005
42,2010,I - Ilocos,4748372,691.0789634847481,312628376.0,32.028173123007356,8.87495050949175,71.51576217086715,1497.7498116358156,95.70936933634717,366.0,10,11.19524591913441
43,2011,I - Ilocos,4802931,675.3999713258473,334384268.0,31.63831792438389,9.06933876527139,71.75576217086714,1520.4479530796775,77.56303324585356,370.0,10,11.587156222353748
44,2012,I - Ilocos,4857491,680.3923243017034,356651167.5,31.25555412523944,9.26019113187824,71.99576217086715,1455.8472553699285,70.51421132566718,374.0,10,11.979524612581972
45,2013,I - Ilocos,4912051,671.4709866431772,393993446.5,30.87968998244335,9.44760321561143,72.23576217086715,1444.1677413616758,57.81117979276915,378.0,10,12.372212475383153
46,2014,I - Ilocos,4966611,685.7794707183843,430678687.3,30.51054060379726,9.63166720678178,72.47576217086716,1362.0381643776384,67.13471319822946,383.0,10,12.765090746303626
47,2015,I - Ilocos,5021171,680.9168618236662,449373362.7,30.147927644766533,9.81247203092665,72.71576217086715,1361.344342094537,85.01123778691293,387.0,10,13.158039286418136
48,2016,I - Ilocos,5076184,702.6144048363889,490900560.2,29.96124647963903,9.98602493526633,72.93594634616878,1465.829744787485,83.93547916210495,391.0,10,13.386690307070443
49,2017,I - Ilocos,5128542,671.2824034589167,527801491.3,29.77462210507391,10.1587351726865,73.1561305214704,1422.8100498484507,81.41078630294832,395.0,10,13.617257269699175
50,2018,I - Ilocos,5178410,687.9911015157162,587597250.7,29.58769197494984,10.33095100619688,73.37631469677203,1577.3937242356858,74.12320056177585,399.0,10,13.850084209409692
51,2019,I - Ilocos,5225800,677.3699720616938,630300658.4,29.40035975353056,10.50296605304451,73.59649887207365,1522.208188611725,65.78254920534681,403.0,10,14.085271059687571
52,2020,I - Ilocos,5270807,661.1511292293571,597981618.1,29.212243969471842,10.6753292237792,73.81668304737528,1396.2643556084229,100.54236232068766,406.0,10,14.323197126077602
53,2021,I - Ilocos,5365538,680.0,617236626.2028201,29.02419115478495,10.847050839010521,74.01668304737527,1456.9183028191858,78.1398292944221,413.0,10,14.55781708835194
54,2022,I - Ilocos,5428002,680.0,656122533.6535977,28.835922250477708,11.018693891565299,74.21668304737528,1456.9183028191858,78.1398292944221,418.0,10,14.794555834618215
55,2023,I - Ilocos,5488451,680.0,701788661.9958881,28.64739460617037,11.19019576233817,74.41668304737527,1456.9183028191858,78.1398292944221,423.0,10,15.033460826947385
56,2024,I - Ilocos,5546804,680.0,749089217.8144109,28.458000820553497,11.362067205027419,74.61668304737526,1456.9183028191858,78.1398292944221,427.0,10,15.275145932550949
57,2025,I - Ilocos,5603519,680.0,797480381.2852218,28.268911516778022,11.5335788538901,74.81668304737528,1456.9183028191858,78.1398292944221,432.0,10,15.518451236767405
58,2026,I - Ilocos,5660792,680.0,849077361.9543756,27.79924749733848,11.851765593994159,74.99686722267688,1456.9183028191858,78.1398292944221,436.0,10,16.044749693223636
59,2027,I - Ilocos,5718624,680.0,904267390.48141,27.345046343845357,12.15947659249461,75.17705139797852,1456.9183028191858,78.1398292944221,441.0,10,16.563710079695085
60,2028,I - Ilocos,5777007,680.0,963044770.8627017,26.90555679163305,12.45722081419398,75.35723557328015,1456.9183028191858,78.1398292944221,445.0,10,17.075363947805805
61,2029,I - Ilocos,5835962,680.0,1025642680.9687772,26.48007546744403,12.74547477855007,75.53741974858177,1456.9183028191858,78.1398292944221,450.0,10,17.579761452503114
62,2030,I - Ilocos,5895507,680.0,1092309455.231748,26.06794313308344,13.02468510451491,75.71760392388339,1456.9183028191858,78.1398292944221,454.0,10,18.076968301372887
63,2010,II - Cagayan,3229163,556.7696644610384,192880303.9,31.8035923708413,7.246466267514349,69.24002518185765,919.216214974032,62.81310802322553,108.0,10,10.872194100346531
64,2011,II - Cagayan,3272824,556.1863393815249,213085202.1,31.567390293722653,7.4507863962241405,69.54002518185763,937.8267019248508,63.0342537359326,109.0,10,11.140474253243305
65,2012,II - Cagayan,3316485,572.2021959996804,234724620.4,31.337081151038397,7.65000900362167,69.84002518185764,978.1975407071236,58.26254944650578,111.0,10,11.406928494398985
66,2013,II - Cagayan,3360146,576.5820889925616,268304482.4,31.11244712831463,7.84432250414378,70.14002518185765,1035.8377868594782,77.01980509273812,112.0,10,11.67156774066795
67,2014,II - Cagayan,3403807,566.9534142211941,304061089.7,30.89328101490117,8.03390613968044,70.44002518185764,1073.4916559691912,64.18485237483954,114.0,10,11.934405467893063
68,2015,II - Cagayan,3447468,586.2853549329537,303113509.4,30.679385566450502,8.21893053104481,70.74002518185765,960.1560046933616,72.71405199054716,115.0,10,12.195457373485349
69,2016,II - Cagayan,3493662,599.7145688392294,323458415.7,30.45371876271946,8.50236800239977,70.98002518185763,1032.655154727304,49.58112497862883,117.0,10,12.455569243403428
70,2017,II - Cagayan,3537703,596.8562086755163,358686602.1,30.22834308024161,8.78471143564058,71.22002518185764,1041.7402358923653,72.39211808743555,118.0,10,12.71816004569766
71,2018,II - Cagayan,3579715,601.0534358182146,385061270.6,30.00247226385341,9.06681118468928,71.46002518185765,1126.9884065785925,62.91003864473802,119.0,10,12.983946777829429
72,2019,II - Cagayan,3619689,620.5505500610687,399370781.2,29.776315037010082,9.348676087918049,71.70002518185765,1088.6587045527442,73.58351729212656,121.0,10,13.252749016009385
73,2020,II - Cagayan,3657741,556.4089967004224,367095721.5,29.54911241665279,9.63108104154996,71.94002518185764,850.7486588197614,90.0792697573865,122.0,10,13.525289484132221
74,2021,II - Cagayan,3729141,580.0,378916203.7323,29.322158160569018,9.91262334635743,72.18002518185763,1004.1379150635275,67.8704263112822,124.0,10,13.800367677727795
75,2022,II - Cagayan,3771156,580.0,402787924.5674349,29.094970742160797,10.19396665046298,72.42002518185762,1004.1379150635275,67.8704263112822,126.0,10,14.078439022829535
76,2023,II - Cagayan,3811726,580.0,430821964.1173284,28.8674807630105,10.475407934832571,72.66002518185763,1004.1379150635275,67.8704263112822,127.0,10,14.359577510393835
77,2024,II - Cagayan,3850804,580.0,459859364.49883634,28.639152567868198,10.75741621869829,72.90002518185764,1004.1379150635275,67.8704263112822,129.0,10,14.644316557037525
78,2025,II - Cagayan,3888710,580.0,489566279.4454612,28.411084308058587,11.038724239902919,73.14002518185762,1004.1379150635275,67.8704263112822,130.0,10,14.931593896583223
79,2026,II - Cagayan,3926959,580.0,521241217.7255825,27.906078551763752,11.37756078881868,73.34002518185764,1004.1379150635275,67.8704263112822,131.0,10,15.48881198791439
80,2027,II - Cagayan,3965560,580.0,555121896.8777454,27.41656708904372,11.70600135135739,73.54002518185763,1004.1379150635275,67.8704263112822,132.0,10,16.04034755459394
81,2028,II - Cagayan,4004516,580.0,591204820.1747988,26.94184761339199,12.02451714415366,73.74002518185762,1004.1379150635275,67.8704263112822,134.0,10,16.586106286685236
82,2029,II - Cagayan,4043831,580.0,629633133.4861608,26.48125963095197,12.33355132940152,73.94002518185764,1004.1379150635275,67.8704263112822,135.0,10,17.126020372763747
83,2030,II - Cagayan,4083515,580.0,670559287.1627612,26.034181394445522,12.633521072052819,74.14002518185762,1004.1379150635275,67.8704263112822,136.0,10,17.660045047897928
84,2010,III - C. Luzon,10137737,563.8733772635846,979287699.5,32.231913501264856,6.94646572184835,70.82947272001857,1064.1730051033378,69.41321392957003,462.0,10,10.867025282787315
85,2011,III - C. Luzon,10350003,561.7679313999066,1096258667.0,31.733591495319207,7.1381860681843,71.06947272001855,1184.946824119891,65.26820679396496,472.0,10,11.346538678011118
86,2012,III - C. Luzon,10562269,569.6124141801415,1206580595.0,31.25329791905332,7.32297030344978,71.30947272001858,1064.0066500415628,61.12170554007139,482.0,10,11.820531189464038
87,2013,III - C. Luzon,10774536,560.6645045194614,1306617621.0,30.79007179945736,7.50118814456692,71.54947272001857,1105.9636887082222,54.23378308514197,491.0,10,12.2889010095508
88,2014,III - C. Luzon,10986802,567.016649593759,1461916690.0,30.34301926846861,7.673183491047519,71.78947272001858,1112.4744792753895,67.20669623082445,501.0,10,12.751581103031684
89,2015,III - C. Luzon,11199069,585.2272184411044,1511232438.0,29.9113078060328,7.839276639870681,72.02947272001857,1206.8271352635093,84.09057319192527,511.0,10,13.208533891398854
90,2016,III - C. Luzon,11437442,601.1571468515425,1640708336.0,29.520464453502797,8.12802373118045,72.24968514022773,1296.765928521007,58.56362257836807,522.0,10,13.629902950348336
91,2017,III - C. Luzon,11667642,582.6370058320267,1860323671.0,29.130230427022006,8.41563359588852,72.46989756043689,1209.0243163317557,62.69789021599423,532.0,10,14.057303148188243
92,2018,III - C. Luzon,11890314,594.652084040842,2062393875.0,28.73957744093217,8.70303341021944,72.69010998064604,1288.091840161182,71.88129617192747,542.0,10,14.491709694910721
93,2019,III - C. Luzon,12105494,614.3821970421034,2184815143.0,28.3485250581265,8.990240299156731,72.9103224008552,1521.1651575287938,79.60917051826144,552.0,10,14.933121735804608
94,2020,III - C. Luzon,12313718,582.7322015982501,1862908072.0,27.956056814034557,9.27803446530121,73.13053482106436,1111.340011024315,110.79993095883698,562.0,10,15.38257748348772
95,2021,III - C. Luzon,12559014,580.0,1922893711.9184,27.56432134738422,9.56487641250528,73.35074724127351,1196.7980941889969,71.35328083771692,573.0,10,15.837950593650886
96,2022,III - C. Luzon,12691572,580.0,2044036015.7692592,27.17231235135514,9.85161091287423,73.57095966148268,1196.7980941889969,71.35328083771692,579.0,10,16.30024869924933
97,2023,III - C. Luzon,12819703,580.0,2186300922.4668,26.780011213548597,10.13827819591565,73.79117208169183,1196.7980941889969,71.35328083771692,585.0,10,16.769503425893006
98,2024,III - C. Luzon,12943110,580.0,2333657604.6410623,26.386418891131154,10.42571611656799,74.01138450190098,1196.7980941889969,71.35328083771692,590.0,10,17.246789834785673
99,2025,III - C. Luzon,13062965,580.0,2484411885.900875,25.993646367318817,10.712321379611419,74.23159692211014,1196.7980941889969,71.35328083771692,596.0,10,17.729889730759382
100,2026,III - C. Luzon,13184570,580.0,2645153334.9186616,25.56744972433836,11.09323075556753,74.43159692211015,1196.7980941889969,71.35328083771692,601.0,10,18.250332004216688
101,2027,III - C. Luzon,13307629,580.0,2817088301.6883745,25.141377044565637,11.47402934053343,74.63159692211015,1196.7980941889969,71.35328083771692,607.0,10,18.77816518249732
102,2028,III - C. Luzon,13432341,580.0,3000199041.298119,24.71542827392475,11.85471718283896,74.83159692211014,1196.7980941889969,71.35328083771692,613.0,10,19.313383486898125
103,2029,III - C. Luzon,13558763,580.0,3195211978.9824967,24.289603358371252,12.23529433078585,75.03159692211014,1196.7980941889969,71.35328083771692,618.0,10,19.855981143585424
104,2030,III - C. Luzon,13686837,580.0,3402900757.616359,23.86390224389213,12.61576083264776,75.23159692211014,1196.7980941889969,71.35328083771692,624.0,10,20.40595238359035
105,2010,IVA - Calabarzon,12609803,549.3503744665956,1486403920.0,32.62106252938411,6.1236483309826,70.70077535067087,1411.4547156705826,102.67870624830128,760.0,10,10.51270615145661
106,2011,IVA - Calabarzon,12965281,541.4845752366843,1582459854.0,32.048857926550724,6.313479981018159,70.9708135827915,1486.9644203080609,87.74133699244342,782.0,10,11.053988144580375
107,2012,IVA - Calabarzon,13320760,543.767764845733,1721867470.0,31.504387865791177,6.494110562312249,71.24085181491212,1464.6352018928756,78.61783793386275,803.0,10,11.584678898636323
108,2013,IVA - Calabarzon,13676238,553.8291712192098,1847878662.0,30.98568363424362,6.66619320489765,71.51089004703275,1447.8064062841938,87.53642551917163,825.0,10,12.104851820252208
109,2014,IVA - Calabarzon,14031717,558.2067951282999,2006907506.0,30.49095854200687,6.830320651807829,71.78092827915339,1472.0676141240808,95.93686034001266,846.0,10,12.614635883842022
110,2015,IVA - Calabarzon,14387196,561.4575626828189,2076801161.0,30.01858736059479,6.98703208046932,72.050966511274,1404.7069397977252,101.02212883970516,867.0,10,13.114202470052259
111,2016,IVA - Calabarzon,14741686,561.4283196643858,2206254090.0,29.714966117172757,7.275355071326301,72.27099199935441,1482.8283149786746,84.74441403017379,889.0,10,13.452009095857578
112,2017,IVA - Calabarzon,15085285,563.2707635288295,2423069480.0,29.41167501972949,7.56268774504426,72.49101748743485,1427.5304849819445,89.3716208871945,910.0,10,13.7937974265282
113,2018,IVA - Calabarzon,15418944,556.5621095711872,2706994745.0,29.10790777889848,7.84973990436699,72.71104297551526,1489.3454210079058,98.6721547179386,930.0,10,14.140331888285024
114,2019,IVA - Calabarzon,15742673,584.2019331786921,2865792547.0,28.80374254105386,8.13662965622166,72.93106846359566,1820.1181140478263,117.5608204362198,949.0,10,14.491553278614111
115,2020,IVA - Calabarzon,16057299,590.996032396233,2565124332.0,28.49835454891884,8.42412537749966,73.15109395167607,1289.7345726249537,147.88956432766136,968.0,10,14.848289360980216
116,2021,IVA - Calabarzon,16400200,560.0,2647721335.4904,28.19348348495001,8.71071254530637,73.35109395167609,1472.4720187017112,99.25198820660772,989.0,10,15.20353689134037
117,2022,IVA - Calabarzon,16599113,560.0,2814527779.626295,27.888291636583062,8.99717952143428,73.55109395167608,1472.4720187017112,99.25198820660772,1001.0,10,15.563307975144951
118,2023,IVA - Calabarzon,16791312,560.0,3010418913.088285,27.58280603106708,9.28358777636767,73.75109395167608,1472.4720187017112,99.25198820660772,1012.0,10,15.927586298481586
119,2024,IVA - Calabarzon,16976427,560.0,3213321147.830436,27.27625514048754,9.57075719993579,73.95109395167609,1472.4720187017112,99.25198820660772,1024.0,10,16.29717955523892
120,2025,IVA - Calabarzon,17156239,560.0,3420901693.980282,26.970306911676328,9.85712028944071,74.15109395167609,1472.4720187017112,99.25198820660772,1034.0,10,16.670381974158513
121,2026,IVA - Calabarzon,17337222,560.0,3642234033.5808063,26.50737576396387,10.21512671509473,74.35109395167609,1472.4720187017112,99.25198820660772,1045.0,10,17.214143715382296
122,2027,IVA - Calabarzon,17519636,560.0,3878979245.763559,26.047418762406572,10.570833093669089,74.5510939516761,1472.4720187017112,99.25198820660772,1056.0,10,17.763422917536786
123,2028,IVA - Calabarzon,17703432,560.0,4131112896.73819,25.590407337242432,10.92426151950421,74.75109395167607,1472.4720187017112,99.25198820660772,1067.0,10,18.318100873647158
124,2029,IVA - Calabarzon,17888618,560.0,4399635235.026173,25.136313283464514,11.275433804858311,74.95109395167609,1472.4720187017112,99.25198820660772,1079.0,10,18.8780612397991
125,2030,IVA - Calabarzon,18075143,560.0,4685611525.302874,24.68510875501827,11.62437148439479,75.15109395167607,1472.4720187017112,99.25198820660772,1090.0,10,19.44318998410736
126,2010,MIMAROPA,2744671,456.5210183661357,191713018.4,37.54630795237924,6.54245944682228,69.16648762553994,1255.4630164096643,103.07578131442236,92.0,10,6.552233857385594
127,2011,MIMAROPA,2787635,471.86952380781554,212158911.3,37.05815289888827,6.70763956115505,69.46648762553994,1242.572709267174,87.56384863963306,94.0,10,6.929619305116764
128,2012,MIMAROPA,2830599,474.24591049456313,231318001.5,36.582266248767,6.8686683382092495,69.76648762553992,1280.0870862395675,106.84191428456236,95.0,10,7.309077161327578
129,2013,MIMAROPA,2873563,483.96363678123646,242953220.3,36.11819124399468,7.02570033408654,70.06648762553995,1397.0739748609108,70.05975685143211,97.0,10,7.690261644255843
130,2014,MIMAROPA,2916527,489.89774481772326,276139956.3,35.66549352234985,7.1788825266803205,70.36648762553995,1301.6400249117708,116.25493045463982,98.0,10,8.072857311527281
131,2015,MIMAROPA,2959491,507.2493884928185,274605684.3,35.2237597613914,7.32835477452034,70.66648762553994,1346.7140177965764,97.76146203264037,99.0,10,8.456576422550109
132,2016,MIMAROPA,3006430,535.6851814278065,287300274.0,35.07858157349414,7.4997921122394295,70.90648762553994,1417.5257731958764,102.27458681066928,101.0,10,8.612828805823103
133,2017,MIMAROPA,3051342,507.6127159787399,321948705.4,34.93351449952185,7.670329972844731,71.14648762553993,1370.265449585563,88.13345923827511,103.0,10,8.770427304367052
134,2018,MIMAROPA,3094357,527.1854540377856,370744808.0,34.78800280639887,7.84082121099795,71.38648762553994,1401.9088016967123,99.68186638388124,104.0,10,8.929794767312151
135,2019,MIMAROPA,3135503,540.3917648938624,375589553.0,34.6420335110507,8.01102725782753,71.62648762553994,1708.8793272051632,112.4584392724428,105.0,10,9.090950362288478
136,2020,MIMAROPA,3174859,506.794159992617,341983262.0,34.49516970674918,8.181686178819279,71.86648762553995,1138.941509389836,161.369536237985,107.0,10,9.254243771016752
137,2021,MIMAROPA,3262679,500.0,352995123.0364,34.34852193707076,8.35144391199706,72.10648762553993,1351.006517323529,104.13414377459848,110.0,10,9.418820976477903
138,2022,MIMAROPA,3295749,500.0,375233815.7876932,34.20136836141492,8.52140604985712,72.34648762553994,1351.006517323529,104.13414377459848,111.0,10,9.585249616442356
139,2023,MIMAROPA,3327535,500.0,401350089.3665167,34.05410561648933,8.69120264874747,72.58648762553995,1351.006517323529,104.13414377459848,112.0,10,9.753223067221157
140,2024,MIMAROPA,3357990,500.0,428401085.3898199,33.90582954903887,8.86166309743181,72.82648762553994,1351.006517323529,104.13414377459848,113.0,10,9.923472724884146
141,2025,MIMAROPA,3387415,500.0,456075795.5060023,33.75794349160936,9.031356954629171,73.06648762553993,1351.006517323529,104.13414377459848,114.0,10,10.094878243067813
142,2026,MIMAROPA,3417109,500.0,485583899.4752406,33.32764090147895,9.288003188374748,73.26648762553994,1351.006517323529,104.13414377459848,115.0,10,10.491914854265504
143,2027,MIMAROPA,3447096,500.0,517146852.9411312,32.93011560226224,9.525099996998721,73.46648762553994,1351.006517323529,104.13414377459848,116.0,10,10.868928365407513
144,2028,MIMAROPA,3477365,500.0,550761398.3823048,32.56175989792433,9.74479912585679,73.66648762553993,1351.006517323529,104.13414377459848,117.0,10,11.22756116313481
145,2029,MIMAROPA,3507923,500.0,586560889.2771546,32.21947680562387,9.94894771461402,73.86648762553995,1351.006517323529,104.13414377459848,118.0,10,11.56930119759776
146,2030,MIMAROPA,3538763,500.0,624687347.0801696,31.90059277263821,10.13914035566358,74.06648762553993,1351.006517323529,104.13414377459848,119.0,10,11.89549549098282
147,2010,V - Bicol,5420411,579.2918655061396,246110917.8,38.48732758777763,7.31556219594409,68.55421247663561,1197.5556740351883,118.93532379116596,299.0,10,5.848974373300831
148,2011,V - Bicol,5494390,599.6661831553208,266892593.7,38.02010683076224,7.43921451603072,68.85421247663561,1186.8919356042695,116.94742342432008,303.0,10,6.192480700620467
149,2012,V - Bicol,5568369,593.7824455396224,298247874.3,37.562948569956674,7.5602037459538005,69.1542124766356,1122.6001937230424,108.4517886266361,307.0,10,6.539199252806747
150,2013,V - Bicol,5642348,598.1728955917399,332295863.1,37.1155311958319,7.67861500129059,69.45421247663562,1260.3673356886918,102.7337192112055,311.0,10,6.8888150823459915
151,2014,V - Bicol,5716327,616.7071104634692,366663555.5,36.67754665975649,7.794529808658621,69.75421247663562,1282.693570120582,119.1998065162561,315.0,10,7.241035655802265
152,2015,V - Bicol,5790307,605.9436917593489,395256950.6,36.248699766696305,7.908026292906401,70.05421247663561,1137.9220553771372,98.94974394583802,319.0,10,7.595589213318685
153,2016,V - Bicol,5865520,617.6434484922053,431762418.8,35.8935098678378,8.03493978368499,70.29421247663561,1306.7222547634635,101.64352410157464,323.0,10,7.894042995492194
154,2017,V - Bicol,5937321,624.0524977510901,465966050.3,35.53899140706726,8.16100392752893,70.53421247663562,1212.3151308304894,116.4320250284414,327.0,10,8.197755757497934
155,2018,V - Bicol,6005949,604.9168915686763,522014834.7,35.1839983989208,8.286983455903469,70.77421247663561,1419.1150215613927,108.9514113327779,331.0,10,8.507555569869266
156,2019,V - Bicol,6071398,629.3937574179786,560835429.2,34.8286341959463,8.4126917721421,71.01421247663562,1233.441627956769,101.46802826210404,335.0,10,8.823383374682841
157,2020,V - Bicol,6133836,567.1654736122713,515793741.0,34.47187045757336,8.538653462531439,71.25421247663562,1050.4310389435666,155.2361141295911,338.0,10,9.146050595929053
158,2021,V - Bicol,6153823,603.0,532402299.4602,34.115742418282544,8.66411407600028,71.49421247663561,1219.0959853276902,113.54080985181008,339.0,10,9.474011326499848
159,2022,V - Bicol,6223244,603.0,565943644.3261926,33.759289519675875,8.789499112075621,71.7342124766356,1219.0959853276902,113.54080985181008,343.0,10,9.808009424865123
160,2023,V - Bicol,6290306,603.0,605333321.9712956,33.402548657950035,8.91485975525863,71.97421247663561,1219.0959853276902,113.54080985181008,347.0,10,10.14802822084781
161,2024,V - Bicol,6354938,603.0,646132787.8721609,33.04445265974062,9.04046985056278,72.21421247663562,1219.0959853276902,113.54080985181008,350.0,10,10.494964644175207
162,2025,V - Bicol,6417675,603.0,687872965.9687026,32.68711050394752,9.16577702264411,72.4542124766356,1219.0959853276902,113.54080985181008,354.0,10,10.847096666033954
163,2026,V - Bicol,6481007,603.0,732378346.8668776,32.402823252178045,9.35645615903422,72.6738447053636,1219.0959853276902,113.54080985181008,357.0,10,11.137900641918671
164,2027,V - Bicol,6544953,603.0,779982939.4132246,32.14369671347081,9.53025932575702,72.89347693409161,1219.0959853276902,113.54080985181008,361.0,10,11.410782906377765
165,2028,V - Bicol,6609521,603.0,830681830.4750842,31.90653218174892,9.689331981353149,73.1131091628196,1219.0959853276902,113.54080985181008,364.0,10,11.667755170657445
166,2029,V - Bicol,6674695,603.0,884676149.4559647,31.688651114161097,9.83547069684184,73.3327413915476,1219.0959853276902,113.54080985181008,368.0,10,11.91054582567049
167,2030,V - Bicol,6740513,603.0,942180099.1706024,31.48779352761392,9.97019130391034,73.5523736202756,1219.0959853276902,113.54080985181008,372.0,10,12.140647058413036
168,2010,VI - W. Visayas,7102438,652.9307260408327,433178888.3,32.57974648279704,8.58893996378325,69.68845901586491,1230.178029004457,100.4552376244728,556.0,10,10.324654604642843
169,2011,VI - W. Visayas,7187679,645.7299515687929,477427428.3,32.20269553743193,8.76806190906099,69.95893772469589,1127.4998177532625,93.9583181461052,562.0,10,10.697209338256759
170,2012,VI - W. Visayas,7272921,656.2837501938011,527279962.3,31.83284977886715,8.943760955943619,70.22941643352686,1171.5070488312635,77.5727640442323,569.0,10,11.070229143572988
171,2013,VI - W. Visayas,7358162,665.7911945084987,566792962.0,31.4700046324244,9.11613428974464,70.49989514235784,1206.578108995298,100.01048497019848,576.0,10,11.443578333174568
172,2014,VI - W. Visayas,7443404,664.480892641007,615916323.5,31.11396319538503,9.285275451133899,70.77037385118882,1153.2235744059851,93.93530206070568,582.0,10,11.817131036890348
173,2015,VI - W. Visayas,7528646,668.8852152166538,667996260.9,30.764535880688236,9.451274505402429,71.0408525600198,1149.1059703000303,91.7601104488669,589.0,10,12.190770528290978
174,2016,VI - W. Visayas,7610389,673.5003953148781,720566796.9,30.46099220420927,9.64032193360943,71.2808525600198,1204.9767368916305,80.15752696603761,595.0,10,12.521279378913384
175,2017,VI - W. Visayas,7688734,659.4193530430367,791281768.5,30.15779971058954,9.828562153405219,71.52085256001979,1196.915744742541,96.04320131923492,601.0,10,12.855886435427928
176,2018,VI - W. Visayas,7763898,664.3570021141443,860107768.3,29.8543077201684,10.01641185909449,71.7608525600198,1207.8951379362902,101.92805974698976,607.0,10,13.195184106021214
177,2019,VI - W. Visayas,7835883,687.8484530715939,919163054.7,29.55047950562814,10.20412122028876,72.00085256001981,1534.385693785186,94.4426046534447,613.0,10,13.539217798918035
178,2020,VI - W. Visayas,7904899,651.5579768950874,850746746.0,29.245421098991898,10.39203663449716,72.24085256001979,1063.2544455501234,120.06230260026824,618.0,10,13.88885254438596
179,2021,VI - W. Visayas,8048599,662.0,878140791.2212,28.9409477462725,10.579256063978509,72.46117169924044,1204.138209836006,95.4841738709597,630.0,10,14.237328975987046
180,2022,VI - W. Visayas,8139555,662.0,933463661.0681356,28.63609186110216,10.76648307907304,72.6814908384611,1204.138209836006,95.4841738709597,637.0,10,14.590497169425358
181,2023,VI - W. Visayas,8227461,662.0,998432731.8784778,28.33097267226915,10.95357031552947,72.90180997768175,1204.138209836006,95.4841738709597,644.0,10,14.948252779789803
182,2024,VI - W. Visayas,8312193,662.0,1065727098.0070872,28.024699418090798,11.14117182458931,73.12212911690239,1204.138209836006,95.4841738709597,650.0,10,15.311497505340055
183,2025,VI - W. Visayas,8394478,662.0,1134573068.538345,27.71903723850387,11.32817724717768,73.34244825612305,1204.138209836006,95.4841738709597,657.0,10,15.678483430365704
184,2026,VI - W. Visayas,8477587,662.0,1207979946.072776,27.345909169140846,11.58038000830423,73.54244825612305,1204.138209836006,95.4841738709597,663.0,10,16.113535636587493
185,2027,VI - W. Visayas,8561515,662.0,1286498642.5675066,26.991465914631068,11.819953427700531,73.74244825612305,1204.138209836006,95.4841738709597,670.0,10,16.53508524139293
186,2028,VI - W. Visayas,8646251,662.0,1370121054.3343945,26.654338262209308,12.04782297645365,73.94244825612304,1204.138209836006,95.4841738709597,676.0,10,16.943826430884126
187,2029,VI - W. Visayas,8731821,662.0,1459178922.86613,26.33328758944075,12.26482585772169,74.14244825612305,1204.138209836006,95.4841738709597,683.0,10,17.34041530415578
188,2030,VI - W. Visayas,8818237,662.0,1554025552.852429,26.027190657789838,12.47172128498481,74.34244825612305,1204.138209836006,95.4841738709597,690.0,10,17.725471109939065
189,2010,VII - C. Visayas,6800180,607.1309877091488,539482115.1,33.18818131338223,7.78268112341818,70.01724230645081,1214.3836560099198,95.1300000656069,650.0,10,9.90045614771913
190,2011,VII - C. Visayas,6917412,589.6279603264388,592227841.6,33.00062566268806,7.907104223182861,70.28761455296842,1142.3125453032296,91.27761819109236,661.0,10,10.110484522168232
191,2012,VII - C. Visayas,7034645,590.2358464227395,674544563.5,32.81883907061655,8.027700170025751,70.55798679948602,1230.0480396714706,80.06611911772302,673.0,10,10.317972830170598
192,2013,VII - C. Visayas,7151878,608.2318178116675,746139449.4,32.64255939156329,8.14464286949735,70.82835904600361,1191.7573438558732,99.64526286420345,684.0,10,10.522994943075467
193,2014,VII - C. Visayas,7269111,610.2259104249224,829547258.1,32.47154012544967,8.25809584801643,71.09873129252124,1063.313710322403,118.00028844514954,695.0,10,10.725623217667552
194,2015,VII - C. Visayas,7386344,624.7610455185949,889023020.5,32.30554926767559,8.36821301580321,71.36910353903883,1070.665255294332,142.26093757374306,706.0,10,10.925928397877625
195,2016,VII - C. Visayas,7511565,638.1759327117585,977480105.6,31.928938909534832,8.57075722569131,71.60910353903883,1255.9257986946068,138.09687392648576,718.0,10,11.30173514342629
196,2017,VII - C. Visayas,7631003,623.443602367867,1067272679.0,31.55291643837645,8.77238549113399,71.84910353903884,1128.6072903051804,113.4139678983147,730.0,10,11.683381743304222
197,2018,VII - C. Visayas,7745017,614.1884517490406,1180945761.0,31.17649709484175,8.97374402147858,72.08910353903883,1110.6623586429723,165.87814447265174,741.0,10,12.07171866666885
198,2019,VII - C. Visayas,7853606,640.915778051509,1270612311.0,30.799647957893477,9.17489367304649,72.32910353903884,1841.0181980573848,176.3983476610472,751.0,10,12.466792843448351
199,2020,VII - C. Visayas,7957046,634.3685835170489,1164719190.0,30.42144031842972,9.37643190701675,72.56910353903884,1073.7500877884338,155.28798507986795,761.0,10,12.869475778897376
200,2021,VII - C. Visayas,8176384,616.0,1202223147.918,30.04394165346952,9.5771798382375,72.76910353903884,1211.1312985405275,125.04141320871688,782.0,10,13.267988293181705
201,2022,VII - C. Visayas,8267792,616.0,1277963206.236834,29.66609623720308,9.77791055885312,72.96910353903884,1211.1312985405275,125.04141320871688,791.0,10,13.672905434330971
202,2023,VII - C. Visayas,8356089,616.0,1366909445.3909178,29.28796758305385,9.97853403554666,73.16910353903883,1211.1312985405275,125.04141320871688,799.0,10,14.084180872914162
203,2024,VII - C. Visayas,8441179,616.0,1459039142.0102656,28.90844315018019,10.17974030696767,73.36910353903883,1211.1312985405275,125.04141320871688,807.0,10,14.5029112309979
204,2025,VII - C. Visayas,8523735,616.0,1553293070.5841289,28.52978541791318,10.38033143912198,73.56910353903884,1211.1312985405275,125.04141320871688,815.0,10,14.926918048637697
205,2026,VII - C. Visayas,8607104,616.0,1653791132.250922,28.086442193039602,10.64907438104223,73.76910353903884,1211.1312985405275,125.04141320871688,823.0,10,15.421995965893093
206,2027,VII - C. Visayas,8691303,616.0,1761287555.847232,27.659173880606392,10.90807313602569,73.96910353903884,1211.1312985405275,125.04141320871688,831.0,10,15.908732633479211
207,2028,VII - C. Visayas,8776312,616.0,1875771246.9773016,27.24712177258462,11.15784823017715,74.16910353903883,1211.1312985405275,125.04141320871688,839.0,10,16.387258803010113
208,2029,VII - C. Visayas,8862173,616.0,1997696378.0308263,26.849487252854086,11.3988837634751,74.36910353903883,1211.1312985405275,125.04141320871688,847.0,10,16.85771806208072
209,2030,VII - C. Visayas,8948876,616.0,2127546642.6028304,26.46552663108594,11.63163054133536,74.56910353903884,1211.1312985405275,125.04141320871688,856.0,10,17.320263873119135
210,2010,VIII - E. Visayas,4101322,493.1092950029283,254164653.8,37.16468631751464,8.14634499047986,67.37296812458713,1099.0740873248708,115.91797014754498,176.0,10,6.490271199606545
211,2011,VIII - E. Visayas,4167888,517.6482669399945,272677861.1,36.55428064845848,8.251409663426799,67.7243946407985,1078.6581839213418,108.4441873915558,179.0,10,6.9573636679284006
212,2012,VIII - E. Visayas,4234454,525.5695303337809,265041353.0,35.96020079937683,8.353664292130771,68.07582115700984,1095.3497683463936,157.29565863982154,182.0,10,7.429289034624371
213,2013,VIII - E. Visayas,4301020,597.2769250084864,292195739.8,35.381800441616214,8.453220124425851,68.42724767322119,1095.3645442475322,109.6807712290019,185.0,10,7.905409261936037
214,2014,VIII - E. Visayas,4367586,502.0393416408973,305697115.2,34.81846691914194,8.55018261232398,68.77867418943254,915.4550350026924,124.26991425375915,187.0,10,8.385143103561195
215,2015,VIII - E. Visayas,4434152,533.5405732595544,324929356.6,34.26961908387443,8.64465178460278,69.13010070564388,733.349832619088,114.62661682145604,190.0,10,8.867960959272663
216,2016,VIII - E. Visayas,4495990,529.8276908978889,376587299.0,34.02338528333025,8.7567588006201,69.43010070564388,912.6798260287724,100.36801605888256,193.0,10,9.11816598748304
217,2017,VIII - E. Visayas,4557614,520.4697019098152,397386688.3,33.77734490020436,8.86825869852076,69.73010070564388,788.3548317359661,99.44512502702314,196.0,10,9.37170020486769
218,2018,VIII - E. Visayas,4619183,547.542714804761,444384028.8,33.53105949688506,8.97948836406784,70.03010070564389,911.05504102014,107.2718207502984,198.0,10,9.628905701157741
219,2019,VIII - E. Visayas,4680701,558.5274513368831,455533642.6,33.28435206606873,9.09051870649289,70.33010070564389,1014.4471263161576,117.18613355721132,201.0,10,9.88993283162676
220,2020,VIII - E. Visayas,4742337,537.5408791066515,413291591.5,33.036601996020096,9.20166576099505,70.63010070564388,751.0421765033501,133.33108301969588,204.0,10,10.155301429278452
221,2021,VIII - E. Visayas,4602369,533.0,426599580.7463,32.78920480531216,9.31233758839677,70.87010070564386,944.9845866423912,117.07611789965917,198.0,10,10.41072304736092
222,2022,VIII - E. Visayas,4655935,533.0,453475354.33331686,32.54141644349812,9.42296415100273,71.11010070564387,944.9845866423912,117.07611789965917,200.0,10,10.669644118241441
223,2023,VIII - E. Visayas,4707797,533.0,485037238.9949157,32.29340535208094,9.53347156548418,71.35010070564388,944.9845866423912,117.07611789965917,202.0,10,10.931934048158924
224,2024,VIII - E. Visayas,4757863,533.0,517728748.903173,32.04435075226069,9.64433391172552,71.59010070564388,944.9845866423912,117.07611789965917,204.0,10,11.198302792788954
225,2025,VIII - E. Visayas,4806559,533.0,551174026.0823181,31.79566531583256,9.75488124318459,71.83010070564387,944.9845866423912,117.07611789965917,206.0,10,11.467557743947697
226,2026,VIII - E. Visayas,4855716,533.0,586834985.569844,31.528947719155582,9.930306828783559,72.07010070564388,944.9845866423912,117.07611789965917,208.0,10,11.755833622725715
227,2027,VIII - E. Visayas,4905388,533.0,624979259.6318839,31.27876872584207,10.09485463872703,72.31010070564388,944.9845866423912,117.07611789965917,211.0,10,12.032996825223005
228,2028,VIII - E. Visayas,4955550,533.0,665602911.5079563,31.04363630807445,10.249506010042971,72.55010070564387,944.9845866423912,117.07611789965917,213.0,10,12.29987650149882
229,2029,VIII - E. Visayas,5006210,533.0,708867100.7559735,30.822232669393728,10.39512768425273,72.79010070564388,944.9845866423912,117.07611789965917,215.0,10,12.557225994887105
230,2030,VIII - E. Visayas,5057392,533.0,754943462.3051118,30.61338953379676,10.5324880602342,73.03010070564387,944.9845866423912,117.07611789965917,217.0,10,12.805730697248359
231,2010,IX - Zamboanga,3407353,389.4812189990295,195081265.5,36.38444598980065,6.1080203987019,67.34247911102193,963.2655936322332,142.64079174444404,201.0,10,7.003619284102471
232,2011,IX - Zamboanga,3451048,420.6547784145827,210255380.9,36.05892041767853,6.2961235480301,67.6934220354201,1025.6844960583198,127.15097058574214,204.0,10,7.2901864941964485
233,2012,IX - Zamboanga,3494743,422.0337983001787,236734323.2,35.73985274855356,6.480495033870549,68.04436495981827,776.2074804271656,108.97081258696709,206.0,10,7.5779477931951575
234,2013,IX - Zamboanga,3538439,437.1701511785196,253224354.2,35.42705269830128,6.66124481085091,68.39530788421644,884.5902316456131,98.0965821085602,209.0,10,7.866778073646466
235,2014,IX - Zamboanga,3582134,421.67594707356886,276633110.1,35.12033738579477,6.8384785558177,68.7462508086146,912.2495018854256,88.91962653756853,211.0,10,8.156560883078887
236,2015,IX - Zamboanga,3625830,457.0815509828095,300939935.4,34.81953097635575,7.01229787386612,69.09719373301277,910.3581200846684,108.41694057719114,214.0,10,8.447187826485916
237,2016,IX - Zamboanga,3660328,476.9244723423693,322282583.1,34.34561055730524,7.20951783556009,69.39719373301278,934.6088488891686,83.39102523758575,216.0,10,8.864115428475088
238,2017,IX - Zamboanga,3693191,463.63700117324015,344667606.7,33.87257794140622,7.40589912625694,69.69719373301277,816.3058358261928,86.19378390711351,218.0,10,9.29039306534865
239,2018,IX - Zamboanga,3724550,497.0264864211784,379428020.3,33.39896094830248,7.60204588473775,69.99719373301278,833.4700574241181,105.00410172272356,220.0,10,9.72714788497521
240,2019,IX - Zamboanga,3754387,526.903593049944,399109396.7,32.92497550199273,7.79818383134184,70.29719373301279,1340.9578984168206,127.35354342506118,222.0,10,10.17423535604383
241,2020,IX - Zamboanga,3782761,506.05893420176426,394567642.4,32.4493670099697,7.99447810739298,70.59719373301277,794.3546832221494,111.82663016234142,223.0,10,10.632722792076478
242,2021,IX - Zamboanga,3787969,456.0,407272720.48528,31.974726607411917,8.19014894186699,70.83719373301278,926.550249773807,107.99680078139076,224.0,10,11.086899300868378
243,2022,IX - Zamboanga,3829303,456.0,432930901.8758526,31.49967886208437,8.38588495204835,71.07719373301276,926.550249773807,107.99680078139076,226.0,10,11.55092848989062
244,2023,IX - Zamboanga,3869156,456.0,463062892.6464119,31.02431277257663,8.581492312652319,71.31719373301277,926.550249773807,107.99680078139076,228.0,10,12.024752928120467
245,2024,IX - Zamboanga,3907493,456.0,494273331.61078006,30.54746592606832,8.77751282845456,71.55719373301278,926.550249773807,107.99680078139076,231.0,10,12.509441958054897
246,2025,IX - Zamboanga,3944624,456.0,526203388.8328365,30.07154374605443,8.97307183927122,71.79719373301278,926.550249773807,107.99680078139076,233.0,10,13.002853676137226
247,2026,IX - Zamboanga,3982087,456.0,560248748.090321,29.67826389716667,9.26917005136599,72.03719373301277,926.550249773807,107.99680078139076,235.0,10,13.428170409285084
248,2027,IX - Zamboanga,4019883,456.0,596664916.7161918,29.31690018745124,9.541238779690818,72.27719373301278,926.550249773807,107.99680078139076,237.0,10,13.829929836683732
249,2028,IX - Zamboanga,4058033,456.0,635448136.3027443,28.98371894551427,9.792089084683731,72.51719373301276,926.550249773807,107.99680078139076,240.0,10,14.210401066551638
250,2029,IX - Zamboanga,4096549,456.0,676752265.1624227,28.67554701501456,10.02411001811529,72.75719373301277,926.550249773807,107.99680078139076,242.0,10,14.571585135138495
251,2030,IX - Zamboanga,4135428,456.0,720741162.3979801,28.38967037581356,10.23934495066134,72.99719373301278,926.550249773807,107.99680078139076,244.0,10,14.91525084030965
252,2010,X - N. Mindanao,4297323,463.3116942803694,394980142.1,35.11739693104085,6.22111295988167,67.94086262402973,897.4374093423116,96.701534252391,210.0,10,8.00302895112832
253,2011,X - N. Mindanao,4374333,480.7132661956341,436363851.6,34.894312600136765,6.3857800406653995,68.24086262402972,974.9588257216018,86.55614728971064,213.0,10,8.223802606777578
254,2012,X - N. Mindanao,4451343,497.51272840464287,472652725.7,34.67831969680236,6.54521266741214,68.54086262402973,980.5395279997224,89.03483921695593,217.0,10,8.442304529189272
255,2013,X - N. Mindanao,4528353,504.4879887471685,509881162.5,34.46908537674257,6.69965652523209,68.84086262402974,886.2174369268672,92.38560153291664,221.0,10,8.658579322002522
256,2014,X - N. Mindanao,4605363,488.6476069490971,569991316.8,34.26629730469621,6.84934216073283,69.14086262402972,914.7580186434184,90.54711352054144,225.0,10,8.872673195824502
257,2015,X - N. Mindanao,4682374,524.3280438512601,609017243.3,34.069662098755884,6.99448613032619,69.44086262402973,924.7891687223912,87.20096380012622,228.0,10,9.084633520981622
258,2016,X - N. Mindanao,4755673,548.1873964000469,679435851.0,33.51725402482466,7.255692306851199,69.74086262402973,1119.0814579393234,88.40743517720655,232.0,10,9.578906239272328
259,2017,X - N. Mindanao,4825658,540.1335942165814,737898187.4,32.96592920592383,7.51590767518129,70.04086262402973,1073.307218802462,69.3900391717963,235.0,10,10.085390545039571
260,2018,X - N. Mindanao,4892512,543.2791989064104,821122014.5,32.41408503443629,7.77594413667253,70.34086262402974,1072.586393212701,110.36258708297888,239.0,10,10.605355272514805
261,2019,X - N. Mindanao,4956259,553.6030300272847,885223985.4,31.861874046533888,8.03577859833394,70.64086262402974,1459.6662701347136,99.6688422338681,242.0,10,11.138702338098225
262,2020,X - N. Mindanao,5017051,527.899756251232,861506488.6,31.30771443224316,8.29610861041675,70.94086262402973,1017.2713917112136,117.28250268515202,245.0,10,11.686838826861077
263,2021,X - N. Mindanao,5082746,515.0,889246997.53292,30.754727057285518,8.55573179404807,71.18086262402973,1029.146647196066,93.41250963305852,248.0,10,12.232815891821298
264,2022,X - N. Mindanao,5140965,515.0,945269558.377494,30.201479285095388,8.81517203084287,71.42086262402972,1029.146647196066,93.41250963305852,251.0,10,12.791495172523732
265,2023,X - N. Mindanao,5197325,515.0,1011060319.6405675,29.64794136184678,9.07462870964597,71.66086262402973,1029.146647196066,93.41250963305852,254.0,10,13.36292030703659
266,2024,X - N. Mindanao,5251727,515.0,1079205785.184342,29.092520870987173,9.33463388511155,71.90086262402974,1029.146647196066,93.41250963305852,256.0,10,13.948631378762906
267,2025,X - N. Mindanao,5304631,515.0,1148922478.9072504,28.5384340576198,9.59393234683529,72.14086262402972,1029.146647196066,93.41250963305852,259.0,10,14.545602621312202
268,2026,X - N. Mindanao,5358101,515.0,1223257763.2925496,28.152247101527124,9.90066274010155,72.38086262402973,1029.146647196066,93.41250963305852,261.0,10,14.988215696282253
269,2027,X - N. Mindanao,5412127,515.0,1302769517.9065654,27.77955812485094,10.19667231416507,72.62086262402974,1029.146647196066,93.41250963305852,264.0,10,15.423888640264055
270,2028,X - N. Mindanao,5466726,515.0,1387449536.5704925,27.419671611756158,10.48251348500538,72.86086262402972,1029.146647196066,93.41250963305852,267.0,10,15.852751255508178
271,2029,X - N. Mindanao,5521879,515.0,1477633756.4475744,27.071939023701958,10.75870135671527,73.10086262402974,1029.146647196066,93.41250963305852,269.0,10,16.274940159490072
272,2030,X - N. Mindanao,5577604,515.0,1573679950.6166668,26.73575489906278,11.02571681939107,73.34086262402974,1029.146647196066,93.41250963305852,272.0,10,16.690596946782147
273,2010,XI - Davao,4468563,530.6180085186222,403461236.6,33.32739182745867,6.25417762131812,67.71024279104026,1315.5885496810872,119.81252863167045,218.0,10,9.303976874594909
274,2011,XI - Davao,4552012,539.0363645790037,437559437.1,33.100686346558426,6.42240542856202,68.05896639922301,1318.5011709601874,73.77049180327869,222.0,10,9.555004339923814
275,2012,XI - Davao,4635461,559.8795891066713,454315711.2,32.881739436403926,6.5848759539849295,68.40769000740576,1155.823883200955,79.19746568109821,226.0,10,9.8031535632007
276,2013,XI - Davao,4718910,548.7496053113961,495294298.3,32.67015951375452,6.741879773666749,68.75641361558853,1074.8630553864882,96.16555082166768,230.0,10,10.048504674262322
277,2014,XI - Davao,4802359,536.8611551114775,555456044.0,32.46558091086706,6.89368823297754,69.10513722377127,1055.9430045221657,127.22204873761032,235.0,10,10.291137663042344
278,2015,XI - Davao,4885808,563.8576055383265,602911848.8,32.26766176648775,7.04055501157638,69.45386083195403,991.01200991012,124.43200124432,239.0,10,10.531131977613729
279,2016,XI - Davao,4967320,589.0500310026332,674076172.3,32.04446260760329,7.29107446268813,69.75386083195403,1100.9820760118023,94.68445853701502,243.0,10,10.784262281636261
280,2017,XI - Davao,5048419,582.6576597544697,748538551.1,31.82140785065582,7.5405389291182,70.05386083195404,1127.5835701487088,100.43254470960156,247.0,10,11.04027590281479
281,2018,XI - Davao,5129342,582.3359019538958,841429225.0,31.59793205444285,7.78986856403803,70.35386083195404,1243.899328781257,89.26397792745273,251.0,10,11.299655124847531
282,2019,XI - Davao,5210081,621.5642328785291,922613762.6,31.37396520322812,8.03891532588456,70.65386083195403,2120.1008480403398,166.1700664680266,254.0,10,11.562473443751914
283,2020,XI - Davao,5290869,591.018224038433,889457658.7,31.14913637060377,8.28858170557615,70.95386083195403,1120.7473364558134,117.09300530135364,258.0,10,11.82907210561251
284,2021,XI - Davao,5300310,567.0,918098195.31014,30.924491748109475,8.537354591683801,71.19386083195403,1238.6404393726295,108.02219453300864,259.0,10,12.08435803382387
285,2022,XI - Davao,5355267,567.0,975938381.6146787,30.69951323024635,8.78610600339579,71.43386083195404,1238.6404393726295,108.02219453300864,262.0,10,12.34266962226372
286,2023,XI - Davao,5408163,567.0,1043863692.9750603,30.47422337482023,9.03474938375276,71.67386083195403,1238.6404393726295,108.02219453300864,264.0,10,12.603995846181586
287,2024,XI - Davao,5458954,567.0,1114220105.8815796,30.247962897786252,9.28407162045967,71.91386083195403,1238.6404393726295,108.02219453300864,267.0,10,12.868951002846458
288,2025,XI - Davao,5508063,567.0,1186198724.7215295,30.022141266587283,9.53272808131455,72.15386083195403,1238.6404393726295,108.02219453300864,269.0,10,13.136254963068192
289,2026,XI - Davao,5557626,567.0,1262945782.2110126,29.51048445120118,9.825755907522971,72.39386083195402,1238.6404393726295,108.02219453300864,271.0,10,13.675568318534147
290,2027,XI - Davao,5607740,567.0,1345037258.0547285,29.02038468404108,10.106437929295339,72.63386083195402,1238.6404393726295,108.02219453300864,274.0,10,14.20492401592122
291,2028,XI - Davao,5658354,567.0,1432464679.828286,28.550507714837842,10.37553827689284,72.87386083195403,1238.6404393726295,108.02219453300864,276.0,10,14.724459019415152
292,2029,XI - Davao,5709410,567.0,1525574884.0171244,28.09962717685412,10.633759295263049,73.11386083195404,1238.6404393726295,108.02219453300864,279.0,10,15.234337847359491
293,2030,XI - Davao,5760974,567.0,1624737251.4782376,27.66661389900269,10.88174766503086,73.35386083195402,1238.6404393726295,108.02219453300864,281.0,10,15.734746091433074
294,2010,XII - SOCCSKSARGEN,4109571,369.7952900679901,252178035.7,35.77500060198897,5.242119964362249,68.3240517565701,696.9969649366298,85.40881846050604,180.0,10,7.605558370840683
295,2011,XII - SOCCSKSARGEN,4195172,383.3930638941083,277035863.2,35.43429442033161,5.40331638421124,68.62405175657011,720.2150250219034,87.61378654905629,184.0,10,7.905252426060361
296,2012,XII - SOCCSKSARGEN,4280773,421.32569583564543,291093119.9,35.105760900416534,5.55875362034556,68.9240517565701,741.2237510978629,77.18308359726399,187.0,10,8.201810741997207
297,2013,XII - SOCCSKSARGEN,4366375,457.2442606398095,324370805.4,34.78875913872707,5.70873489987971,69.2240517565701,686.563846733265,74.08962374819407,191.0,10,8.495223037434087
298,2014,XII - SOCCSKSARGEN,4451976,429.0453817749177,352653226.9,34.48269244806533,5.853542530107321,69.52405175657012,853.9260894126303,74.88274937926143,195.0,10,8.785492374224777
299,2015,XII - SOCCSKSARGEN,4537578,452.818662290764,354753545.5,34.18700460906677,5.99343967200123,69.8240517565701,822.1582622388003,101.9631125853457,199.0,10,9.072632973239863
300,2016,XII - SOCCSKSARGEN,4621162,478.55928876763033,381711706.2,33.83921619713829,6.2157310217646495,70.1240517565701,843.9032425651617,78.56156312168173,202.0,10,9.405250503296777
301,2017,XII - SOCCSKSARGEN,4701027,461.4523592398002,420127877.2,33.491894430727584,6.437189150370751,70.4240517565701,806.1214044426247,61.41877367181903,206.0,10,9.743483018781488
302,2018,XII - SOCCSKSARGEN,4777419,459.4531063739647,454304548.7,33.14404702622902,6.65844884026291,70.7240517565701,770.0111859733097,71.53820139954736,209.0,10,10.088117743111876
303,2019,XII - SOCCSKSARGEN,4850329,484.5032161735833,474892618.0,32.79573406257596,6.879533326502179,71.0240517565701,1075.63425036959,101.95585311560096,212.0,10,10.439127075060139
304,2020,XII - SOCCSKSARGEN,4919936,470.1280667065588,467905540.9,32.44613344563832,7.101047655904461,71.3240517565701,680.1231611358194,86.21279507355457,217.0,10,10.797222131921007
305,2021,XII - SOCCSKSARGEN,4616760,442.0,482972099.31698,32.09713514851346,7.3218799176393805,71.5640517565701,790.6251985388725,81.8934873365301,204.0,10,11.147214573946156
306,2022,XII - SOCCSKSARGEN,4655271,442.0,513399341.57394975,31.747725533627282,7.54267700963111,71.80405175657012,790.6251985388725,81.8934873365301,205.0,10,11.503146537108698
307,2023,XII - SOCCSKSARGEN,4691959,442.0,549131935.7474966,31.39798437372731,7.763403570108331,72.0440517565701,790.6251985388725,81.8934873365301,207.0,10,11.864964382965802
308,2024,XII - SOCCSKSARGEN,4726825,442.0,586143428.2168779,31.047039090130816,7.984656029316629,72.28405175657011,790.6251985388725,81.8934873365301,209.0,10,12.233462878227797
309,2025,XII - SOCCSKSARGEN,4760360,442.0,624008293.6796882,30.696743638602307,8.20534346475533,72.52405175657012,790.6251985388725,81.8934873365301,210.0,10,12.60700587795839
310,2026,XII - SOCCSKSARGEN,4794341,442.0,664381630.280764,30.19010870589915,8.54243916490037,72.7240517565701,790.6251985388725,81.8934873365301,212.0,10,13.120940256416109
311,2027,XII - SOCCSKSARGEN,4828677,442.0,707566436.2490137,29.70925030083837,8.86238413959788,72.92405175657011,790.6251985388725,81.8934873365301,213.0,10,13.620777264177196
312,2028,XII - SOCCSKSARGEN,4863431,442.0,753558254.6051996,29.25225004119446,9.16645480773988,73.12405175657011,790.6251985388725,81.8934873365301,215.0,10,14.107008320366543
313,2029,XII - SOCCSKSARGEN,4898618,442.0,802539541.1545376,28.8173753004446,9.45580399340758,73.3240517565701,790.6251985388725,81.8934873365301,216.0,10,14.580130610607238
314,2030,XII - SOCCSKSARGEN,4934234,442.0,854704611.3295825,28.403057255909907,9.73147553180696,73.5240517565701,790.6251985388725,81.8934873365301,218.0,10,15.04064024985038
315,2010,XIII - Caraga,2429224,437.3001419383309,143337551.6,36.08222195032424,6.872221542477259,66.53990590521853,750.3764864724516,145.40167211922935,115.0,10,7.064073019371323
316,2011,XIII - Caraga,2462126,470.3250864252808,156504793.5,35.804055981701325,7.0348618834516,66.93990590521854,892.7193208129663,102.90712631849756,116.0,10,7.3280527579542465
317,2012,XIII - Caraga,2495029,477.188727540547,180393968.3,35.53218100423688,7.193823956548159,67.33990590521853,798.5444253512585,121.29788739512789,118.0,10,7.592436545137425
318,2013,XIII - Caraga,2527932,495.85977852888783,194874139.4,35.26638598901034,7.349231147872599,67.73990590521854,863.6062566872165,147.7556427370459,119.0,10,7.857141967323777
319,2014,XIII - Caraga,2560835,523.8525306118878,223865239.5,35.00646924124485,7.5012013859675,68.13990590521853,887.5666294781207,114.04487417875296,121.0,10,8.122093811097397
320,2015,XIII - Caraga,2593738,554.6820843122937,235177755.2,34.75223788987168,7.64984744025803,68.53990590521853,813.1618759455371,125.2836611195159,122.0,10,8.387223477210615
321,2016,XIII - Caraga,2627491,568.5652205849611,251476877.7,34.47079362022553,7.79675363302861,68.83990590521853,781.6925342698538,126.88342585249802,124.0,10,8.657101146267607
322,2017,XIII - Caraga,2660236,561.1532209924233,273088164.3,34.18971098804768,7.942904313752611,69.13990590521853,888.5001381088298,110.48706380627937,125.0,10,8.930975619261638
323,2018,XIII - Caraga,2692072,570.1184812293282,290561794.2,33.908119842262764,8.0886766772954,69.43990590521854,863.5175504107542,133.02837938760268,127.0,10,9.20951006790283
324,2019,XIII - Caraga,2723012,600.3278722238463,302930146.4,33.626036168771925,8.23444773655055,69.73990590521854,1192.5191239347314,174.51499374654605,128.0,10,9.492709943362279
325,2020,XIII - Caraga,2753109,574.1145737419041,291665098.9,33.342995137497276,8.380416467346551,70.03990590521853,890.8970235360189,171.0318068106397,130.0,10,9.78096491414641
326,2021,XIII - Caraga,2835647,530.0,301056715.08457994,33.06034969222397,8.52585958397221,70.31074808198244,874.8273968188853,133.87604849743047,134.0,10,10.066917943748349
327,2022,XIII - Caraga,2865446,530.0,320023288.1349085,32.77734407523984,8.67114095870163,70.58159025874633,874.8273968188853,133.87604849743047,135.0,10,10.357287713935616
328,2023,XIII - Caraga,2894155,530.0,342296908.98909813,32.49390888094672,8.81652922151375,70.85243243551025,874.8273968188853,133.87604849743047,137.0,10,10.652144782019286
329,2024,XIII - Caraga,2921727,530.0,365367720.6549634,32.20943759592543,8.962210792248031,71.12327461227414,874.8273968188853,133.87604849743047,138.0,10,10.95201798873592
330,2025,XIII - Caraga,2948422,530.0,388970475.409274,31.92551170731522,9.10741605757574,71.39411678903804,874.8273968188853,133.87604849743047,139.0,10,11.255585313366122
331,2026,XIII - Caraga,2975365,530.0,414136865.168254,31.48252195229701,9.31522134127723,71.63411678903805,874.8273968188853,133.87604849743047,140.0,10,11.695012621927297
332,2027,XIII - Caraga,3002596,530.0,441055761.40419054,31.07909776623657,9.50446652468534,71.87411678903806,874.8273968188853,133.87604849743047,142.0,10,12.107584542628373
333,2028,XIII - Caraga,3030102,530.0,469724385.8954629,30.71016505512436,9.67753185143602,72.11411678903805,874.8273968188853,133.87604849743047,143.0,10,12.496075425911215
334,2029,XIII - Caraga,3057890,530.0,500256470.978668,30.37148179292925,9.83640724435004,72.35411678903806,874.8273968188853,133.87604849743047,144.0,10,12.862912681551014
335,2030,XIII - Caraga,3085948,530.0,532773141.5922815,30.05947418153521,9.982769162358949,72.59411678903805,874.8273968188853,133.87604849743047,146.0,10,13.210224663886459
336,2010,BARMM,3256140,38.41972396764267,131635468.3,42.47418890352624,2.8798137311969603,59.936557079323656,264.2356982428326,13.211784912141631,88.0,10,2.608699059716239
337,2011,BARMM,3359882,42.59077132095203,141744037.3,42.38460188409016,2.8990947436239702,60.43655707932366,467.8362573099415,51.98180636777128,91.0,10,2.7014666507395995
338,2012,BARMM,3463625,46.48308408391484,154218300.7,42.300291869315245,2.91724003356474,60.93655707932366,246.5999103273053,67.254520998356,94.0,10,2.793596617617482
339,2013,BARMM,3567368,41.59929207199346,165084288.2,42.22080594588109,2.93434707749982,61.43655707932366,322.97754537065515,38.449707782220855,97.0,10,2.885173267748283
340,2014,BARMM,3671111,44.50968415230789,178403975.0,42.14574158892011,2.95050250725405,61.93655707932366,669.6881553135357,67.64526821348846,100.0,10,2.9762736950880586
341,2015,BARMM,3774854,77.83082471533999,172907712.7,42.074739844242984,2.96578357732511,62.43655707932366,1325.7575757575758,128.51731601731603,102.0,10,3.066968471008814
342,2016,BARMM,3853142,83.98340886476544,184572657.7,41.57215072789946,3.19845466375233,62.91661999161957,672.7395628802266,35.40734541474877,105.0,10,3.355966742826904
343,2017,BARMM,3932991,77.19315909952502,210663684.9,41.07016771713945,3.43062061418396,63.39668290391548,540.5859615707803,53.21830709764159,107.0,10,3.657678247375809
344,2018,BARMM,4014587,92.23862878049472,235393060.3,40.5676598863096,3.6624938007321797,63.876745816211375,583.9511843054918,39.36749557115675,109.0,10,3.9726425068909013
345,2019,BARMM,4097957,71.4990420836529,254779370.3,40.064549237583506,3.89435516282869,64.35680872850727,519.2993334366765,62.00589055960316,111.0,10,4.3009334353094175
346,2020,BARMM,4183316,110.58213149568428,260254049.6,39.55955036626447,4.12672626213272,64.8368716408032,525.9835893120135,119.22294691072304,113.0,10,4.643297452679707
347,2021,BARMM,4936052,66.0,268634229.99712,39.055518099533195,4.35849152485613,65.26696600924706,558.1504339842759,61.4802172586516,134.0,10,4.99062431806993
348,2022,BARMM,5010575,66.0,285558186.4869386,38.55113187302025,4.59010052452064,65.69706037769092,558.1504339842759,61.4802172586516,136.0,10,5.350686854815692
349,2023,BARMM,5083327,66.0,305433036.26642954,38.04636933009143,4.82177381544778,66.12715474613476,558.1504339842759,61.4802172586516,138.0,10,5.723520280901153
350,2024,BARMM,5154121,66.0,326019222.91078687,37.53987831238527,5.054111641439659,66.55724911457862,558.1504339842759,61.4802172586516,139.0,10,6.11000309993031
351,2025,BARMM,5223370,66.0,347080064.7108237,37.03464488010943,5.28564331200023,66.98734348302247,558.1504339842759,61.4802172586516,141.0,10,6.508290470749333
352,2026,BARMM,5293197,66.0,369536144.897614,36.60970548123918,5.55832205810753,67.33750076376225,558.1504339842759,61.4802172586516,143.0,10,6.850954066599305
353,2027,BARMM,5363601,66.0,393555994.3159589,36.20617991386847,5.81725979375977,67.687658044502,558.1504339842759,61.4802172586516,145.0,10,7.187703865525784
354,2028,BARMM,5434584,66.0,419137133.94649625,35.82248930943775,6.06346966083136,68.03781532524178,558.1504339842759,61.4802172586516,147.0,10,7.518602878595095
355,2029,BARMM,5506197,66.0,446381047.6530185,35.4572062920753,6.29786759007375,68.38797260598153,558.1504339842759,61.4802172586516,149.0,10,7.84374496112981
356,2030,BARMM,5578399,66.0,475395815.7504647,35.10903723454909,6.5212836872678706,68.7381298867213,558.1504339842759,61.4802172586516,151.0,10,8.163246980323498
