,year,Region,under15_population,total_population,over60_population,proportion_under15,proportion_over60
0,2010,BARMM,1386400.0,3264100.0,94000.0,0.4247418890352624,0.028798137311969608
1,2011,BARMM,1426772.0,3366250.8,97590.8,0.4238460188409016,0.02899094743623975
2,2012,BARMM,1467144.0,3468401.6,101181.6,0.4230029186931525,0.029172400335647407
3,2013,BARMM,1507516.0,3570552.4,104772.4,0.4222080594588109,0.029343470774998288
4,2014,BARMM,1547888.0,3672703.2,108363.2,0.42145741588920116,0.02950502507254057
5,2015,BARMM,1588260.0,3774854.0,111954.0,0.4207473984424298,0.0296578357732511
6,2016,BARMM,1601834.0,3853142.0,123241.0,0.41572150727899465,0.03198454663752335
7,2017,BARMM,1615286.0,3932991.0,134926.0,0.4107016771713945,0.034306206141839636
8,2018,BARMM,1628624.0,4014587.0,147034.0,0.405676598863096,0.0366249380073218
9,2019,BARMM,1641828.0,4097957.0,159589.0,0.4006454923758351,0.03894355162828697
10,2020,BARMM,1654901.0,4183316.0,172634.0,0.3955955036626447,0.0412672626213272
11,2021,BARMM,1667746.0,4270193.0,186116.0,0.39055518099533204,0.04358491524856137
12,2022,BARMM,1680381.0,4358837.0,200075.0,0.38551131873020256,0.04590100524520646
13,2023,BARMM,1692772.0,4449234.0,214532.0,0.3804636933009143,0.04821773815447783
14,2024,BARMM,1704922.0,4541629.0,229539.0,0.3753987831238527,0.05054111641439669
15,2025,BARMM,1716748.0,4635519.0,245017.0,0.37034644880109435,0.052856433120002315
16,2026,BARMM,1742078.4,4758515.2,264493.6,0.36609705481239185,0.055583220581075364
17,2027,BARMM,1767408.8,4881511.4,283970.2,0.36206179913868475,0.05817259793759777
18,2028,BARMM,1792739.2,5004507.6,303446.8,0.35822489309437755,0.06063469660831367
19,2029,BARMM,1818069.6,5127503.8,322923.4,0.354572062920753,0.06297867590073751
20,2030,BARMM,1843400.0,5250500.0,342400.0,0.3510903723454909,0.06521283687267879
21,2010,CAR,522500.0,1629300.0,111700.0,0.3206898668139692,0.0685570490394648
22,2011,CAR,525208.8,1647466.8,115950.4,0.3187978052122204,0.07038102376327098
23,2012,CAR,527917.6,1665633.6,120200.8,0.3169470164386693,0.07216521088431453
24,2013,CAR,530626.4,1683800.4,124451.2,0.31513616459528104,0.07391089822760465
25,2014,CAR,533335.2,1701967.2,128701.6,0.31336397082152934,0.07561931863316755
26,2015,CAR,536044.0,1720134.0,132952.0,0.3116292102824547,0.0772916528596028
27,2016,CAR,537193.0,1739380.0,136753.0,0.3088416562223321,0.07862169278708506
28,2017,CAR,537964.0,1757717.0,140517.0,0.3060583700334013,0.07994290320910591
29,2018,CAR,538373.0,1775210.0,144251.0,0.3032728522259338,0.08125855532584877
30,2019,CAR,538426.0,1791881.0,147967.0,0.3004808913091885,0.08257635412173019
31,2020,CAR,538122.0,1807738.0,151662.0,0.2976769863774507,0.08389600705411956
32,2021,CAR,537480.0,1822719.0,155314.0,0.29487814632974146,0.08521006254941108
33,2022,CAR,536504.0,1836857.0,158926.0,0.29207717312779385,0.08652061646606132
34,2023,CAR,535196.0,1850151.0,162503.0,0.2892715243242308,0.08783229044548256
35,2024,CAR,533568.0,1862660.0,166055.0,0.2864548548849495,0.08914938850890662
36,2025,CAR,531628.0,1874281.0,169550.0,0.28364370123796806,0.09046135558115352
37,2026,CAR,542842.4,1949304.8,180560.0,0.2784799996388456,0.0926278948269147
38,2027,CAR,554056.8,2024328.6,191570.0,0.27369904273446516,0.0946338455130259
39,2028,CAR,565271.2,2099352.4,202580.0,0.26925979649724363,0.09649642432590165
40,2029,CAR,576485.6,2174376.2,213590.0,0.2651268901857921,0.09823047180152174
41,2030,CAR,587700.0,2249400.0,224600.0,0.26126967191251,0.09984884858184405
42,2010,MIMAROPA,1043900.0,2780300.0,181900.0,0.3754630795237924,0.06542459446822285
43,2011,MIMAROPA,1043608.8,2816138.2,188896.4,0.3705815289888827,0.06707639561155058
44,2012,MIMAROPA,1043317.6,2851976.4,195892.8,0.36582266248767,0.0686866833820925
45,2013,MIMAROPA,1043026.4,2887814.6,202889.2,0.3611819124399468,0.07025700334086545
46,2014,MIMAROPA,1042735.2,2923652.8,209885.6,0.3566549352234985,0.07178882526680323
47,2015,MIMAROPA,1042444.0,2959491.0,216882.0,0.352237597613914,0.07328354774520349
48,2016,MIMAROPA,1054613.0,3006430.0,225476.0,0.35078581573494144,0.07499792112239434
49,2017,MIMAROPA,1065941.0,3051342.0,234048.0,0.3493351449952185,0.07670329972844735
50,2018,MIMAROPA,1076465.0,3094357.0,242623.0,0.3478800280639887,0.07840821210997956
51,2019,MIMAROPA,1086202.0,3135503.0,251186.0,0.346420335110507,0.08011027257827533
52,2020,MIMAROPA,1095173.0,3174859.0,259757.0,0.3449516970674918,0.0818168617881928
53,2021,MIMAROPA,1103347.0,3212211.0,268266.0,0.3434852193707076,0.08351443911997064
54,2022,MIMAROPA,1110751.0,3247680.0,276748.0,0.3420136836141492,0.08521406049857129
55,2023,MIMAROPA,1117400.0,3281249.0,285180.0,0.34054105616489333,0.08691202648747474
56,2024,MIMAROPA,1123312.0,3313035.0,293590.0,0.33905829549038874,0.08861663097431811
57,2025,MIMAROPA,1128471.0,3342831.0,301903.0,0.3375794349160936,0.09031356954629174
58,2026,MIMAROPA,1160016.8,3480644.8,323282.4,0.3332764090147895,0.09288003188374754
59,2027,MIMAROPA,1191562.6,3618458.6,344661.8,0.32930115602262244,0.09525099996998722
60,2028,MIMAROPA,1223108.4,3756272.4,366041.2,0.32561759897924336,0.09744799125856794
61,2029,MIMAROPA,1254654.2,3894086.2,387420.6,0.3221947680562387,0.0994894771461402
62,2030,MIMAROPA,1286200.0,4031900.0,408800.0,0.3190059277263821,0.10139140355663583
63,2010,NCR,3446100.0,11890800.0,684900.0,0.2898122918558886,0.057599152285800786
64,2011,NCR,3455847.8,12084482.2,717919.4,0.28597400722721905,0.05940837084438753
65,2012,NCR,3465595.6,12278164.4,750938.8,0.28225681682515996,0.061160510279533314
66,2013,NCR,3475343.4,12471846.6,783958.2,0.2786550790321619,0.06285822983101796
67,2014,NCR,3485091.2,12665528.8,816977.6,0.27516349731880124,0.06450402607745837
68,2015,NCR,3494839.0,12859211.0,849997.0,0.27177709425562735,0.06610024518611601
69,2016,NCR,3532195.0,13066832.0,920061.0,0.2703176255729009,0.07041194070605637
70,2017,NCR,3566339.0,13264805.0,991004.0,0.2688572504458226,0.0747092776712511
71,2018,NCR,3597414.0,13453701.0,1062902.0,0.2673921473355176,0.07900443156868137
72,2019,NCR,3625463.0,13633497.0,1135638.0,0.26592318903946655,0.08329763082795265
73,2020,NCR,3650593.0,13804656.0,1209302.0,0.2644465026872093,0.08760102388643368
74,2021,NCR,3672707.0,13966223.0,1283372.0,0.26297066859092827,0.09189112904755996
75,2022,NCR,3691918.0,14118673.0,1357936.0,0.2614918555022841,0.09618014384213021
76,2023,NCR,3708270.0,14262006.0,1432876.0,0.26001040807302983,0.1004680547743424
77,2024,NCR,3721837.0,14396579.0,1508290.0,0.2585223197816648,0.10476725060863418
78,2025,NCR,3732586.0,14521657.0,1583652.0,0.25703581898401817,0.109054497017799
79,2026,NCR,3626268.8,14440005.6,1639041.6,0.25112655080964785,0.11350699199174827
80,2027,NCR,3519951.6,14358354.2,1694431.2,0.24515007437273,0.11801012681523068
81,2028,NCR,3413634.4,14276702.8,1749820.8,0.23910523653963012,0.12256477034739421
82,2029,NCR,3307317.2,14195051.4,1805210.4,0.23299085764493957,0.12717181143845663
83,2030,NCR,3201000.0,14113400.0,1860600.0,0.2268057307239928,0.13183215950798532
84,2010,I - Ilocos,1537000.0,4798900.0,425900.0,0.3202817312300736,0.08874950509491758
85,2011,I - Ilocos,1532355.8,4843354.2,439260.2,0.3163831792438389,0.0906933876527139
86,2012,I - Ilocos,1527711.6,4887808.4,452620.4,0.31255554125239443,0.09260191131878245
87,2013,I - Ilocos,1523067.4,4932262.6,465980.6,0.30879689982443354,0.09447603215611432
88,2014,I - Ilocos,1518423.2,4976716.8,479340.8,0.30510540603797265,0.09631667206781788
89,2015,I - Ilocos,1513779.0,5021171.0,492701.0,0.3014792764476653,0.0981247203092665
90,2016,I - Ilocos,1520888.0,5076184.0,506909.0,0.29961246479639037,0.09986024935266334
91,2017,I - Ilocos,1527004.0,5128542.0,520995.0,0.29774622105073917,0.10158735172686506
92,2018,I - Ilocos,1532172.0,5178410.0,534979.0,0.2958769197494984,0.10330951006196883
93,2019,I - Ilocos,1536404.0,5225800.0,548864.0,0.2940035975353056,0.1050296605304451
94,2020,I - Ilocos,1539721.0,5270807.0,562676.0,0.29212243969471846,0.10675329223779205
95,2021,I - Ilocos,1542120.0,5313223.0,576328.0,0.29024191154784956,0.10847050839010522
96,2022,I - Ilocos,1543627.0,5353139.0,589846.0,0.2883592225047771,0.11018693891565304
97,2023,I - Ilocos,1544257.0,5390567.0,603215.0,0.28647394606170373,0.11190195762338173
98,2024,I - Ilocos,1544019.0,5425606.0,616461.0,0.28458000820553503,0.1136206720502742
99,2025,I - Ilocos,1542935.0,5458063.0,629510.0,0.2826891151677802,0.11533578853890107
100,2026,I - Ilocos,1543128.0,5550970.4,657888.0,0.2779924749733848,0.1185176559399416
101,2027,I - Ilocos,1543321.0,5643877.8,686266.0,0.27345046343845364,0.12159476592494614
102,2028,I - Ilocos,1543514.0,5736785.2,714644.0,0.26905556791633056,0.12457220814193984
103,2029,I - Ilocos,1543707.0,5829692.6,743022.0,0.2648007546744403,0.12745474778550073
104,2030,I - Ilocos,1543900.0,5922600.0,771400.0,0.26067943133083443,0.1302468510451491
105,2010,II - Cagayan,1030500.0,3240200.0,234800.0,0.31803592370841305,0.07246466267514351
106,2011,II - Cagayan,1035932.4,3281653.6,244509.0,0.3156739029372265,0.07450786396224147
107,2012,II - Cagayan,1041364.8,3323107.2,254218.0,0.31337081151038404,0.0765000900362167
108,2013,II - Cagayan,1046797.2,3364560.8,263927.0,0.31112447128314635,0.0784432250414378
109,2014,II - Cagayan,1052229.6,3406014.4,273636.0,0.30893281014901175,0.08033906139680443
110,2015,II - Cagayan,1057662.0,3447468.0,283345.0,0.30679385566450507,0.08218930531044813
111,2016,II - Cagayan,1063950.0,3493662.0,297044.0,0.3045371876271946,0.08502368002399774
112,2017,II - Cagayan,1069389.0,3537703.0,310777.0,0.30228343080241615,0.08784711435640584
113,2018,II - Cagayan,1074003.0,3579715.0,324566.0,0.3000247226385341,0.09066811184689284
114,2019,II - Cagayan,1077810.0,3619689.0,338393.0,0.29776315037010087,0.09348676087918051
115,2020,II - Cagayan,1080830.0,3657741.0,352280.0,0.2954911241665279,0.09631081041549962
116,2021,II - Cagayan,1083062.0,3693664.0,366139.0,0.2932215816056902,0.09912623346357438
117,2022,II - Cagayan,1084529.0,3727548.0,379985.0,0.290949707421608,0.10193966650462985
118,2023,II - Cagayan,1085251.0,3759424.0,393815.0,0.28867480763010506,0.1047540793483257
119,2024,II - Cagayan,1085232.0,3789330.0,407634.0,0.286391525678682,0.10757416218698292
120,2025,II - Cagayan,1084492.0,3817144.0,421364.0,0.28411084308058593,0.11038724239902922
121,2026,II - Cagayan,1082073.6,3877555.2,441171.2,0.2790607855176375,0.11377560788818686
122,2027,II - Cagayan,1079655.2,3937966.4,460978.4,0.27416567089043725,0.11706001351357392
123,2028,II - Cagayan,1077236.8,3998377.6,480785.6,0.26941847613391995,0.12024517144153668
124,2029,II - Cagayan,1074818.4,4058788.8,500592.8,0.2648125963095197,0.12333551329401521
125,2030,II - Cagayan,1072400.0,4119200.0,520400.0,0.2603418139444552,0.12633521072052825
126,2010,III - C. Luzon,3300000.0,10238300.0,711200.0,0.3223191350126486,0.06946465721848354
127,2011,III - C. Luzon,3309957.6,10430453.8,744545.2,0.31733591495319213,0.071381860681843
128,2012,III - C. Luzon,3319915.2,10622607.6,777890.4,0.31253297919053324,0.07322970303449786
129,2013,III - C. Luzon,3329872.8,10814761.4,811235.6,0.3079007179945736,0.07501188144566924
130,2014,III - C. Luzon,3339830.4,11006915.2,844580.8,0.3034301926846861,0.0767318349104752
131,2015,III - C. Luzon,3349788.0,11199069.0,877926.0,0.29911307806032805,0.07839276639870689
132,2016,III - C. Luzon,3376386.0,11437442.0,929638.0,0.29520464453502804,0.0812802373118045
133,2017,III - C. Luzon,3398811.0,11667642.0,981906.0,0.29130230427022014,0.08415633595888526
134,2018,III - C. Luzon,3417226.0,11890314.0,1034818.0,0.28739577440932174,0.08703033410219445
135,2019,III - C. Luzon,3431729.0,12105494.0,1088313.0,0.283485250581265,0.0899024029915673
136,2020,III - C. Luzon,3442430.0,12313718.0,1142471.0,0.2795605681403456,0.09278034465301219
137,2021,III - C. Luzon,3449357.0,12513847.0,1196934.0,0.27564321347384224,0.09564876412505283
138,2022,III - C. Luzon,3452639.0,12706460.0,1251791.0,0.2717231235135514,0.09851610912874238
139,2023,III - C. Luzon,3452358.0,12891548.0,1306981.0,0.267800112135486,0.1013827819591565
140,2024,III - C. Luzon,3448606.0,13069625.0,1362602.0,0.2638641889113115,0.10425716116567997
141,2025,III - C. Luzon,3441473.0,13239670.0,1418276.0,0.25993646367318823,0.10712321379611425
142,2026,III - C. Luzon,3385538.4,13241596.0,1468920.8,0.25567449724338365,0.11093230755567532
143,2027,III - C. Luzon,3329603.8,13243522.0,1519565.6,0.2514137704456564,0.11474029340533433
144,2028,III - C. Luzon,3273669.2,13245448.0,1570210.4,0.2471542827392475,0.11854717182838964
145,2029,III - C. Luzon,3217734.6,13247374.0,1620855.2,0.24289603358371253,0.12235294330785859
146,2030,III - C. Luzon,3161800.0,13249300.0,1671500.0,0.2386390224389213,0.12615760832647763
147,2010,IVA - Calabarzon,4163100.0,12762000.0,781500.0,0.3262106252938411,0.06123648330982605
148,2011,IVA - Calabarzon,4194246.6,13087039.2,826247.6,0.3204885792655072,0.06313479981018166
149,2012,IVA - Calabarzon,4225393.2,13412078.4,870995.2,0.31504387865791184,0.06494110562312251
150,2013,IVA - Calabarzon,4256539.8,13737117.6,915742.8,0.3098568363424362,0.06666193204897657
151,2014,IVA - Calabarzon,4287686.4,14062156.8,960490.4,0.30490958542006874,0.06830320651807836
152,2015,IVA - Calabarzon,4318833.0,14387196.0,1005238.0,0.30018587360594795,0.06987032080469328
153,2016,IVA - Calabarzon,4380487.0,14741686.0,1072510.0,0.2971496611717276,0.07275355071326306
154,2017,IVA - Calabarzon,4436835.0,15085285.0,1140853.0,0.29411675019729494,0.0756268774504426
155,2018,IVA - Calabarzon,4488132.0,15418944.0,1210347.0,0.2910790777889848,0.07849739904366991
156,2019,IVA - Calabarzon,4534479.0,15742673.0,1280923.0,0.2880374254105386,0.0813662965622166
157,2020,IVA - Calabarzon,4576066.0,16057299.0,1352687.0,0.2849835454891884,0.08424125377499665
158,2021,IVA - Calabarzon,4612766.0,16361107.0,1425169.0,0.2819348348495001,0.08710712545306377
159,2022,IVA - Calabarzon,4644788.0,16654975.0,1498478.0,0.2788829163658306,0.08997179521434286
160,2023,IVA - Calabarzon,4672222.0,16938893.0,1572537.0,0.2758280603106708,0.09283587776367676
161,2024,IVA - Calabarzon,4695223.0,17213591.0,1647471.0,0.2727625514048754,0.09570757199935795
162,2025,IVA - Calabarzon,4713754.0,17477569.0,1722785.0,0.26970306911676334,0.09857120289440711
163,2026,IVA - Calabarzon,4647823.2,17534075.2,1791128.0,0.26507375763963875,0.10215126715094731
164,2027,IVA - Calabarzon,4581892.4,17590581.4,1859471.0,0.2604741876240657,0.10570833093669094
165,2028,IVA - Calabarzon,4515961.6,17647087.6,1927814.0,0.2559040733724243,0.10924261519504215
166,2029,IVA - Calabarzon,4450030.8,17703593.8,1996157.0,0.2513631328346451,0.1127543380485831
167,2030,IVA - Calabarzon,4384100.0,17760100.0,2064500.0,0.2468510875501827,0.11624371484394795
168,2010,IX - Zamboanga,1255700.0,3451200.0,210800.0,0.3638444598980065,0.06108020398701901
169,2011,IX - Zamboanga,1257059.4,3486126.0,219490.8,0.3605892041767853,0.06296123548030105
170,2012,IX - Zamboanga,1258418.8,3521052.0,228181.6,0.3573985274855356,0.06480495033870559
171,2013,IX - Zamboanga,1259778.2,3555978.0,236872.4,0.3542705269830128,0.06661244810850911
172,2014,IX - Zamboanga,1261137.6,3590904.0,245563.2,0.35120337385794775,0.068384785558177
173,2015,IX - Zamboanga,1262497.0,3625830.0,254254.0,0.34819530976355756,0.07012297873866122
174,2016,IX - Zamboanga,1257162.0,3660328.0,263892.0,0.34345610557305245,0.07209517835560092
175,2017,IX - Zamboanga,1250979.0,3693191.0,273514.0,0.33872577941406223,0.07405899126256942
176,2018,IX - Zamboanga,1243961.0,3724550.0,283142.0,0.3339896094830248,0.07602045884737754
177,2019,IX - Zamboanga,1236131.0,3754387.0,292774.0,0.32924975501992737,0.07798183831341841
178,2020,IX - Zamboanga,1227482.0,3782761.0,302412.0,0.32449367009969704,0.07994478107392987
179,2021,IX - Zamboanga,1218090.0,3809540.0,312007.0,0.3197472660741192,0.08190148941866997
180,2022,IX - Zamboanga,1207950.0,3834801.0,321582.0,0.3149967886208437,0.08385884952048359
181,2023,IX - Zamboanga,1197088.0,3858548.0,331121.0,0.3102431277257663,0.08581492312652324
182,2024,IX - Zamboanga,1185494.0,3880826.0,340640.0,0.3054746592606832,0.0877751282845456
183,2025,IX - Zamboanga,1173250.0,3901529.0,350087.0,0.3007154374605443,0.0897307183927122
184,2026,IX - Zamboanga,1209040.0,4073823.2,377609.6,0.2967826389716667,0.09269170051365998
185,2027,IX - Zamboanga,1244830.0,4246117.4,405132.2,0.29316900187451245,0.09541238779690829
186,2028,IX - Zamboanga,1280620.0,4418411.6,432654.8,0.2898371894551427,0.09792089084683736
187,2029,IX - Zamboanga,1316410.0,4590705.8,460177.4,0.2867554701501456,0.10024110018115298
188,2030,IX - Zamboanga,1352200.0,4763000.0,487700.0,0.28389670375813564,0.10239344950661348
189,2010,V - Bicol,2112300.0,5488300.0,401500.0,0.38487327587777637,0.07315562195944099
190,2011,V - Bicol,2109622.2,5548701.4,412779.8,0.3802010683076224,0.07439214516030723
191,2012,V - Bicol,2106944.4,5609102.8,424059.6,0.3756294856995668,0.07560203745953809
192,2013,V - Bicol,2104266.6,5669504.2,435339.4,0.371155311958319,0.0767861500129059
193,2014,V - Bicol,2101588.8,5729905.6,446619.2,0.3667754665975649,0.07794529808658629
194,2015,V - Bicol,2098911.0,5790307.0,457899.0,0.3624869976669631,0.07908026292906403
195,2016,V - Bicol,2105341.0,5865520.0,471291.0,0.35893509867837803,0.08034939783684993
196,2017,V - Bicol,2110064.0,5937321.0,484545.0,0.3553899140706726,0.08161003927528931
197,2018,V - Bicol,2113133.0,6005949.0,497712.0,0.351839983989208,0.08286983455903471
198,2019,V - Bicol,2114585.0,6071398.0,510768.0,0.34828634195946306,0.084126917721421
199,2020,V - Bicol,2114448.0,6133836.0,523747.0,0.34471870457573367,0.0853865346253144
200,2021,V - Bicol,2112762.0,6192924.0,536562.0,0.3411574241828254,0.08664114076000287
201,2022,V - Bicol,2109565.0,6248843.0,549242.0,0.33759289519675884,0.08789499112075627
202,2023,V - Bicol,2104892.0,6301591.0,561778.0,0.3340254865795003,0.08914859755258632
203,2024,V - Bicol,2098751.0,6351296.0,574187.0,0.33044452659740625,0.09040469850562782
204,2025,V - Bicol,2091220.0,6397690.0,586398.0,0.3268711050394752,0.0916577702264411
205,2026,V - Bicol,2173676.0,6708292.0,627658.4,0.3240282325217805,0.09356456159034222
206,2027,V - Bicol,2256132.0,7018894.0,668918.8,0.3214369671347081,0.09530259325757022
207,2028,V - Bicol,2338588.0,7329496.0,710179.2,0.3190653218174892,0.09689331981353151
208,2029,V - Bicol,2421044.0,7640098.0,751439.6,0.31688651114161104,0.09835470696841847
209,2030,V - Bicol,2503500.0,7950700.0,792700.0,0.3148779352761392,0.09970191303910347
210,2010,VI - W. Visayas,2338900.0,7179000.0,616600.0,0.32579746482797045,0.08588939963783257
211,2011,VI - W. Visayas,2334350.6,7248929.2,635590.6,0.3220269553743193,0.08768061909060995
212,2012,VI - W. Visayas,2329801.2,7318858.4,654581.2,0.3183284977886715,0.0894376095594362
213,2013,VI - W. Visayas,2325251.8,7388787.6,673571.8,0.31470004632424403,0.0911613428974464
214,2014,VI - W. Visayas,2320702.4,7458716.8,692562.4,0.3111396319538503,0.09285275451133901
215,2015,VI - W. Visayas,2316153.0,7528646.0,711553.0,0.30764535880688243,0.09451274505402432
216,2016,VI - W. Visayas,2318200.0,7610389.0,733666.0,0.30460992204209275,0.09640321933609439
217,2017,VI - W. Visayas,2318753.0,7688734.0,755692.0,0.30157799710589545,0.09828562153405229
218,2018,VI - W. Visayas,2317858.0,7763898.0,777664.0,0.298543077201684,0.10016411859094491
219,2019,VI - W. Visayas,2315541.0,7835883.0,799583.0,0.29550479505628147,0.10204121220288767
220,2020,VI - W. Visayas,2311821.0,7904899.0,821480.0,0.29245421098991903,0.10392036634497165
221,2021,VI - W. Visayas,2306753.0,7970551.0,843225.0,0.289409477462725,0.10579256063978514
222,2022,VI - W. Visayas,2300349.0,8033041.0,864876.0,0.28636091861102164,0.10766483079073043
223,2023,VI - W. Visayas,2292646.0,8092366.0,886403.0,0.2833097267226915,0.10953570315529476
224,2024,VI - W. Visayas,2283647.0,8148694.0,907860.0,0.280246994180908,0.11141171824589315
225,2025,VI - W. Visayas,2273432.0,8201699.0,929103.0,0.27719037238503874,0.11328177247177688
226,2026,VI - W. Visayas,2301945.6,8417879.2,974822.4,0.2734590916914085,0.11580380008304231
227,2027,VI - W. Visayas,2330459.2,8634059.4,1020541.8,0.26991465914631074,0.11819953427700532
228,2028,VI - W. Visayas,2358972.8,8850239.6,1066261.2,0.2665433826220931,0.12047822976453654
229,2029,VI - W. Visayas,2387486.4,9066419.8,1111980.6,0.26333287589440757,0.12264825857721699
230,2030,VI - W. Visayas,2416000.0,9282600.0,1157700.0,0.26027190657789845,0.1247172128498481
231,2010,VII - C. Visayas,2271200.0,6843400.0,532600.0,0.33188181313382237,0.07782681123418184
232,2011,VII - C. Visayas,2294199.8,6951988.8,549701.0,0.3300062566268806,0.07907104223182869
233,2012,VII - C. Visayas,2317199.6,7060577.6,566802.0,0.3281883907061655,0.0802770017002575
234,2013,VII - C. Visayas,2340199.4,7169166.4,583903.0,0.3264255939156329,0.08144642869497351
235,2014,VII - C. Visayas,2363199.2,7277755.2,601004.0,0.3247154012544967,0.08258095848016432
236,2015,VII - C. Visayas,2386199.0,7386344.0,618105.0,0.32305549267675593,0.08368213015803218
237,2016,VII - C. Visayas,2398363.0,7511565.0,643798.0,0.3192893890953483,0.08570757225691317
238,2017,VII - C. Visayas,2407804.0,7631003.0,669421.0,0.3155291643837645,0.08772385491133997
239,2018,VII - C. Visayas,2414625.0,7745017.0,695018.0,0.31176497094841754,0.08973744021478584
240,2019,VII - C. Visayas,2418883.0,7853606.0,720560.0,0.30799647957893483,0.09174893673046496
241,2020,VII - C. Visayas,2420648.0,7957046.0,746087.0,0.30421440318429727,0.0937643190701675
242,2021,VII - C. Visayas,2419971.0,8054772.0,771420.0,0.3004394165346952,0.09577179838237507
243,2022,VII - C. Visayas,2416920.0,8147078.0,796614.0,0.2966609623720308,0.09777910558853126
244,2023,VII - C. Visayas,2411561.0,8233965.0,821629.0,0.29287967583053853,0.09978534035546666
245,2024,VII - C. Visayas,2403929.0,8315664.0,846513.0,0.2890844315018019,0.1017974030696767
246,2025,VII - C. Visayas,2394136.0,8391707.0,871087.0,0.28529785417913184,0.10380331439121981
247,2026,VII - C. Visayas,2401268.8,8549565.6,910449.6,0.28086442193039607,0.10649074381042237
248,2027,VII - C. Visayas,2408401.6,8707424.2,949812.2,0.27659173880606397,0.10908073136025692
249,2028,VII - C. Visayas,2415534.4,8865282.8,989174.8,0.2724712177258462,0.11157848230177157
250,2029,VII - C. Visayas,2422667.2,9023141.4,1028537.4,0.26849487252854093,0.11398883763475101
251,2030,VII - C. Visayas,2429800.0,9181000.0,1067900.0,0.2646552663108594,0.11631630541335367
252,2010,VIII - E. Visayas,1542000.0,4149100.0,338000.0,0.3716468631751464,0.08146344990479863
253,2011,VIII - E. Visayas,1537513.4,4206110.4,347063.4,0.36554280648458487,0.08251409663426809
254,2012,VIII - E. Visayas,1533026.8,4263120.8,356126.8,0.35960200799376835,0.08353664292130779
255,2013,VIII - E. Visayas,1528540.2,4320131.2,365190.2,0.3538180044161621,0.0845322012442585
256,2014,VIII - E. Visayas,1524053.6,4377141.6,374253.6,0.3481846691914194,0.08550182612323988
257,2015,VIII - E. Visayas,1519567.0,4434152.0,383317.0,0.34269619083874436,0.08644651784602783
258,2016,VIII - E. Visayas,1529688.0,4495990.0,393703.0,0.34023385283330254,0.08756758800620108
259,2017,VIII - E. Visayas,1539441.0,4557614.0,404181.0,0.3377734490020436,0.08868258698520762
260,2018,VIII - E. Visayas,1548861.0,4619183.0,414779.0,0.3353105949688506,0.08979488364067845
261,2019,VIII - E. Visayas,1557941.0,4680701.0,425500.0,0.33284352066068734,0.09090518706492895
262,2020,VIII - E. Visayas,1566707.0,4742337.0,436374.0,0.33036601996020104,0.09201665760995054
263,2021,VIII - E. Visayas,1575117.0,4803767.0,447343.0,0.32789204805312167,0.09312337588396773
264,2022,VIII - E. Visayas,1583191.0,4865157.0,458442.0,0.3254141644349812,0.09422964151002733
265,2023,VIII - E. Visayas,1590933.0,4926495.0,469666.0,0.3229340535208094,0.09533471565484183
266,2024,VIII - E. Visayas,1598361.0,4987965.0,481056.0,0.3204435075226069,0.09644333911725524
267,2025,VIII - E. Visayas,1605435.0,5049226.0,492546.0,0.31795665315832566,0.09754881243184599
268,2026,VIII - E. Visayas,1644588.0,5216120.8,517976.8,0.31528947719155587,0.09930306828783567
269,2027,VIII - E. Visayas,1683741.0,5383015.6,543407.6,0.31278768725842077,0.10094854638727037
270,2028,VIII - E. Visayas,1722894.0,5549910.4,568838.4,0.3104363630807445,0.10249506010042973
271,2029,VIII - E. Visayas,1762047.0,5716805.2,594269.2,0.30822232669393734,0.10395127684252735
272,2030,VIII - E. Visayas,1801200.0,5883700.0,619700.0,0.3061338953379676,0.10532488060234206
273,2010,X - N. Mindanao,1519600.0,4327200.0,269200.0,0.35117396931040856,0.062211129598816785
274,2011,X - N. Mindanao,1534733.8,4398234.8,280861.6,0.3489431260013677,0.06385780040665405
275,2012,X - N. Mindanao,1549867.6,4469269.6,292523.2,0.3467831969680236,0.06545212667412144
276,2013,X - N. Mindanao,1565001.4,4540304.4,304184.8,0.34469085376742575,0.06699656525232096
277,2014,X - N. Mindanao,1580135.2,4611339.2,315846.4,0.34266297304696214,0.0684934216073283
278,2015,X - N. Mindanao,1595269.0,4682374.0,327508.0,0.3406966209875589,0.06994486130326198
279,2016,X - N. Mindanao,1593971.0,4755673.0,345057.0,0.33517254024824666,0.07255692306851207
280,2017,X - N. Mindanao,1590823.0,4825658.0,362692.0,0.32965929205923833,0.07515907675181291
281,2018,X - N. Mindanao,1585863.0,4892512.0,380439.0,0.32414085034436296,0.07775944136672532
282,2019,X - N. Mindanao,1579157.0,4956259.0,398274.0,0.3186187404653389,0.08035778598333945
283,2020,X - N. Mindanao,1570724.0,5017051.0,416220.0,0.31307714432243167,0.08296108610416757
284,2021,X - N. Mindanao,1560668.0,5074563.0,434166.0,0.30754727057285525,0.08555731794048078
285,2022,X - N. Mindanao,1549023.0,5128964.0,452127.0,0.3020147928509539,0.08815172030842876
286,2023,X - N. Mindanao,1535836.0,5180245.0,470088.0,0.29647941361846786,0.09074628709645972
287,2024,X - N. Mindanao,1521117.0,5228550.0,488066.0,0.29092520870987176,0.09334633885111551
288,2025,X - N. Mindanao,1505004.0,5273604.0,505946.0,0.285384340576198,0.09593932346835295
289,2026,X - N. Mindanao,1511523.2,5369103.2,531576.8,0.2815224710152712,0.0990066274010155
290,2027,X - N. Mindanao,1518042.4,5464602.4,557207.6,0.27779558124850945,0.1019667231416507
291,2028,X - N. Mindanao,1524561.6,5560101.6,582838.4,0.27419671611756163,0.10482513485005383
292,2029,X - N. Mindanao,1531080.8,5655600.8,608469.2,0.2707193902370196,0.10758701356715275
293,2030,X - N. Mindanao,1537600.0,5751100.0,634100.0,0.26735754899062786,0.11025716819391072
294,2010,XI - Davao,1495800.0,4488200.0,280700.0,0.3332739182745867,0.06254177621318123
295,2011,XI - Davao,1511947.2,4567721.6,293357.6,0.3310068634655843,0.06422405428562021
296,2012,XI - Davao,1528094.4,4647243.2,306015.2,0.3288173943640393,0.06584875953984934
297,2013,XI - Davao,1544241.6,4726764.8,318672.8,0.32670159513754526,0.06741879773666758
298,2014,XI - Davao,1560388.8,4806286.4,331330.4,0.32465580910867065,0.06893688232977543
299,2015,XI - Davao,1576536.0,4885808.0,343988.0,0.32267661766487754,0.07040555011576387
300,2016,XI - Davao,1591751.0,4967320.0,362171.0,0.32044462607603297,0.0729107446268813
301,2017,XI - Davao,1606478.0,5048419.0,380678.0,0.3182140785065582,0.07540538929118205
302,2018,XI - Davao,1620766.0,5129342.0,399569.0,0.3159793205444285,0.07789868564038038
303,2019,XI - Davao,1634609.0,5210081.0,418834.0,0.31373965203228127,0.08038915325884569
304,2020,XI - Davao,1648060.0,5290869.0,438538.0,0.3114913637060377,0.08288581705576153
305,2021,XI - Davao,1661033.0,5371254.0,458563.0,0.3092449174810947,0.08537354591683805
306,2022,XI - Davao,1673568.0,5451448.0,478970.0,0.3069951323024635,0.08786106003395795
307,2023,XI - Davao,1685671.0,5531465.0,499754.0,0.3047422337482023,0.09034749383752767
308,2024,XI - Davao,1697372.0,5611525.0,520978.0,0.3024796289778625,0.09284071620459679
309,2025,XI - Davao,1708615.0,5691183.0,542525.0,0.3002214126658728,0.09532728081314552
310,2026,XI - Davao,1716432.0,5816346.4,571500.0,0.29510484451201185,0.09825755907522976
311,2027,XI - Davao,1724249.0,5941509.8,600475.0,0.29020384684041084,0.10106437929295345
312,2028,XI - Davao,1732066.0,6066673.2,629450.0,0.28550507714837847,0.10375538276892844
313,2029,XI - Davao,1739883.0,6191836.6,658425.0,0.2809962717685412,0.10633759295263057
314,2030,XI - Davao,1747700.0,6317000.0,687400.0,0.2766661389900269,0.10881747665030869
315,2010,XII - SOCCSKSARGEN,1485700.0,4152900.0,217700.0,0.3577500060198897,0.05242119964362253
316,2011,XII - SOCCSKSARGEN,1498812.4,4229835.6,228551.4,0.3543429442033161,0.05403316384211245
317,2012,XII - SOCCSKSARGEN,1511924.8,4306771.2,239402.8,0.3510576090041653,0.05558753620345561
318,2013,XII - SOCCSKSARGEN,1525037.2,4383706.8,250254.2,0.3478875913872707,0.0570873489987971
319,2014,XII - SOCCSKSARGEN,1538149.6,4460642.4,261105.6,0.3448269244806533,0.058535425301073224
320,2015,XII - SOCCSKSARGEN,1551262.0,4537578.0,271957.0,0.34187004609066773,0.05993439672001231
321,2016,XII - SOCCSKSARGEN,1563765.0,4621162.0,287239.0,0.33839216197138294,0.062157310217646554
322,2017,XII - SOCCSKSARGEN,1574463.0,4701027.0,302614.0,0.3349189443072758,0.06437189150370759
323,2018,XII - SOCCSKSARGEN,1583430.0,4777419.0,318102.0,0.3314404702622902,0.06658448840262912
324,2019,XII - SOCCSKSARGEN,1590701.0,4850329.0,333680.0,0.3279573406257596,0.06879533326502181
325,2020,XII - SOCCSKSARGEN,1596329.0,4919936.0,349367.0,0.3244613344563832,0.07101047655904467
326,2021,XII - SOCCSKSARGEN,1600324.0,4985878.0,365060.0,0.3209713514851346,0.0732187991763938
327,2022,XII - SOCCSKSARGEN,1602729.0,5048327.0,380779.0,0.3174772553362728,0.07542677009631112
328,2023,XII - SOCCSKSARGEN,1603588.0,5107296.0,396500.0,0.3139798437372731,0.0776340357010833
329,2024,XII - SOCCSKSARGEN,1602940.0,5162940.0,412243.0,0.3104703909013082,0.0798465602931663
330,2025,XII - SOCCSKSARGEN,1600814.0,5214931.0,427903.0,0.30696743638602314,0.08205343464755334
331,2026,XII - SOCCSKSARGEN,1616591.2,5354704.8,457422.4,0.30190108705899155,0.0854243916490037
332,2027,XII - SOCCSKSARGEN,1632368.4,5494478.6,486941.8,0.29709250300838375,0.08862384139597887
333,2028,XII - SOCCSKSARGEN,1648145.6,5634252.4,516461.2,0.2925225004119446,0.09166454807739888
334,2029,XII - SOCCSKSARGEN,1663922.8,5774026.2,545980.6,0.28817375300444603,0.0945580399340758
335,2030,XII - SOCCSKSARGEN,1679700.0,5913800.0,575500.0,0.2840305725590991,0.0973147553180696
336,2010,XIII - Caraga,884700.0,2451900.0,168500.0,0.3608222195032424,0.06872221542477262
337,2011,XIII - Caraga,888036.4,2480267.6,174483.4,0.35804055981701327,0.07034861883451608
338,2012,XIII - Caraga,891372.8,2508635.2,180466.8,0.35532181004236885,0.07193823956548165
339,2013,XIII - Caraga,894709.2,2537002.8,186450.2,0.3526638598901034,0.07349231147872601
340,2014,XIII - Caraga,898045.6,2565370.4,192433.6,0.35006469241244853,0.075012013859675
341,2015,XIII - Caraga,901382.0,2593738.0,198417.0,0.34752237889871684,0.07649847440258037
342,2016,XIII - Caraga,905717.0,2627491.0,204859.0,0.3447079362022553,0.07796753633028619
343,2017,XIII - Caraga,909527.0,2660236.0,211300.0,0.3418971098804768,0.07942904313752615
344,2018,XIII - Caraga,912831.0,2692072.0,217753.0,0.3390811984226276,0.08088676677295406
345,2019,XIII - Caraga,915641.0,2723012.0,224225.0,0.33626036168771933,0.08234447736550556
346,2020,XIII - Caraga,917969.0,2753109.0,230722.0,0.3334299513749728,0.08380416467346552
347,2021,XIII - Caraga,919811.0,2782218.0,237208.0,0.3306034969222397,0.08525859583972212
348,2022,XIII - Caraga,921183.0,2810426.0,243696.0,0.3277734407523984,0.08671140958701634
349,2023,XIII - Caraga,922092.0,2837738.0,250190.0,0.32493908880946726,0.08816529221513755
350,2024,XIII - Caraga,922544.0,2864204.0,256696.0,0.3220943759592543,0.08962210792248038
351,2025,XIII - Caraga,922548.0,2889689.0,263176.0,0.3192551170731522,0.09107416057575746
352,2026,XIII - Caraga,954358.4,3031391.2,282380.8,0.31482521952297016,0.09315221341277231
353,2027,XIII - Caraga,986168.8,3173093.4,301585.6,0.31079097766236574,0.09504466524685343
354,2028,XIII - Caraga,1017979.2,3314795.6,320790.4,0.3071016505512436,0.09677531851436029
355,2029,XIII - Caraga,1049789.6,3456497.8,339995.2,0.3037148179292925,0.09836407244350048
356,2030,XIII - Caraga,1081600.0,3598200.0,359200.0,0.3005947418153521,0.09982769162358958
